2026-09-04 17:11:10.548 +05:30 [INF] Starting ZAH Seller AI API
2026-09-04 17:11:10.780 +05:30 [WRN] The WebRootPath was not found: C:\Users\Mathi\OneDrive\Desktop\ZAH APP\services\api\src\API\wwwroot. Static files may be unavailable.
2026-09-04 17:11:10.840 +05:30 [ERR] Hosting failed to start
System.IO.IOException: Failed to bind to address http://0.0.0.0:5000: address already in use.
 ---> Microsoft.AspNetCore.Connections.AddressInUseException: Only one usage of each socket address (protocol/network address/port) is normally permitted.
 ---> System.Net.Sockets.SocketException (10048): Only one usage of each socket address (protocol/network address/port) is normally permitted.
   at System.Net.Sockets.Socket.UpdateStatusAfterSocketErrorAndThrowException(SocketError error, Boolean disconnectOnFailure, String callerName)
   at System.Net.Sockets.Socket.DoBind(EndPoint endPointSnapshot, SocketAddress socketAddress)
   at System.Net.Sockets.Socket.Bind(EndPoint localEP)
   at Microsoft.AspNetCore.Server.Kestrel.Transport.Sockets.SocketTransportOptions.CreateDefaultBoundListenSocket(EndPoint endpoint)
   at Microsoft.AspNetCore.Server.Kestrel.Transport.Sockets.SocketConnectionListener.Bind()
   --- End of inner exception stack trace ---
   at Microsoft.AspNetCore.Server.Kestrel.Transport.Sockets.SocketConnectionListener.Bind()
   at Microsoft.AspNetCore.Server.Kestrel.Transport.Sockets.SocketTransportFactory.BindAsync(EndPoint endpoint, CancellationToken cancellationToken)
   at Microsoft.AspNetCore.Server.Kestrel.Core.Internal.Infrastructure.TransportManager.BindAsync(EndPoint endPoint, ConnectionDelegate connectionDelegate, EndpointConfig endpointConfig, CancellationToken cancellationToken)
   at Microsoft.AspNetCore.Server.Kestrel.Core.KestrelServerImpl.<>c__DisplayClass28_0`1.<<StartAsync>g__OnBind|0>d.MoveNext()
--- End of stack trace from previous location ---
   at Microsoft.AspNetCore.Server.Kestrel.Core.Internal.AddressBinder.BindEndpointAsync(ListenOptions endpoint, AddressBindContext context, CancellationToken cancellationToken)
   --- End of inner exception stack trace ---
   at Microsoft.AspNetCore.Server.Kestrel.Core.Internal.AddressBinder.BindEndpointAsync(ListenOptions endpoint, AddressBindContext context, CancellationToken cancellationToken)
   at Microsoft.AspNetCore.Server.Kestrel.Core.ListenOptions.BindAsync(AddressBindContext context, CancellationToken cancellationToken)
   at Microsoft.AspNetCore.Server.Kestrel.Core.Internal.AddressBinder.EndpointsStrategy.BindAsync(AddressBindContext context, CancellationToken cancellationToken)
   at Microsoft.AspNetCore.Server.Kestrel.Core.KestrelServerImpl.BindAsync(CancellationToken cancellationToken)
   at Microsoft.AspNetCore.Server.Kestrel.Core.KestrelServerImpl.StartAsync[TContext](IHttpApplication`1 application, CancellationToken cancellationToken)
   at Microsoft.AspNetCore.Hosting.GenericWebHostService.StartAsync(CancellationToken cancellationToken)
   at Microsoft.Extensions.Hosting.Internal.Host.<StartAsync>b__14_1(IHostedService service, CancellationToken token)
   at Microsoft.Extensions.Hosting.Internal.Host.ForeachService[T](IEnumerable`1 services, CancellationToken token, Boolean concurrent, Boolean abortOnFirstException, List`1 exceptions, Func`3 operation)
2026-09-04 17:11:10.882 +05:30 [FTL] Application failed to start
System.IO.IOException: Failed to bind to address http://0.0.0.0:5000: address already in use.
 ---> Microsoft.AspNetCore.Connections.AddressInUseException: Only one usage of each socket address (protocol/network address/port) is normally permitted.
 ---> System.Net.Sockets.SocketException (10048): Only one usage of each socket address (protocol/network address/port) is normally permitted.
   at System.Net.Sockets.Socket.UpdateStatusAfterSocketErrorAndThrowException(SocketError error, Boolean disconnectOnFailure, String callerName)
   at System.Net.Sockets.Socket.DoBind(EndPoint endPointSnapshot, SocketAddress socketAddress)
   at System.Net.Sockets.Socket.Bind(EndPoint localEP)
   at Microsoft.AspNetCore.Server.Kestrel.Transport.Sockets.SocketTransportOptions.CreateDefaultBoundListenSocket(EndPoint endpoint)
   at Microsoft.AspNetCore.Server.Kestrel.Transport.Sockets.SocketConnectionListener.Bind()
   --- End of inner exception stack trace ---
   at Microsoft.AspNetCore.Server.Kestrel.Transport.Sockets.SocketConnectionListener.Bind()
   at Microsoft.AspNetCore.Server.Kestrel.Transport.Sockets.SocketTransportFactory.BindAsync(EndPoint endpoint, CancellationToken cancellationToken)
   at Microsoft.AspNetCore.Server.Kestrel.Core.Internal.Infrastructure.TransportManager.BindAsync(EndPoint endPoint, ConnectionDelegate connectionDelegate, EndpointConfig endpointConfig, CancellationToken cancellationToken)
   at Microsoft.AspNetCore.Server.Kestrel.Core.KestrelServerImpl.<>c__DisplayClass28_0`1.<<StartAsync>g__OnBind|0>d.MoveNext()
--- End of stack trace from previous location ---
   at Microsoft.AspNetCore.Server.Kestrel.Core.Internal.AddressBinder.BindEndpointAsync(ListenOptions endpoint, AddressBindContext context, CancellationToken cancellationToken)
   --- End of inner exception stack trace ---
   at Microsoft.AspNetCore.Server.Kestrel.Core.Internal.AddressBinder.BindEndpointAsync(ListenOptions endpoint, AddressBindContext context, CancellationToken cancellationToken)
   at Microsoft.AspNetCore.Server.Kestrel.Core.ListenOptions.BindAsync(AddressBindContext context, CancellationToken cancellationToken)
   at Microsoft.AspNetCore.Server.Kestrel.Core.Internal.AddressBinder.EndpointsStrategy.BindAsync(AddressBindContext context, CancellationToken cancellationToken)
   at Microsoft.AspNetCore.Server.Kestrel.Core.KestrelServerImpl.BindAsync(CancellationToken cancellationToken)
   at Microsoft.AspNetCore.Server.Kestrel.Core.KestrelServerImpl.StartAsync[TContext](IHttpApplication`1 application, CancellationToken cancellationToken)
   at Microsoft.AspNetCore.Hosting.GenericWebHostService.StartAsync(CancellationToken cancellationToken)
   at Microsoft.Extensions.Hosting.Internal.Host.<StartAsync>b__14_1(IHostedService service, CancellationToken token)
   at Microsoft.Extensions.Hosting.Internal.Host.ForeachService[T](IEnumerable`1 services, CancellationToken token, Boolean concurrent, Boolean abortOnFirstException, List`1 exceptions, Func`3 operation)
   at Microsoft.Extensions.Hosting.Internal.Host.StartAsync(CancellationToken cancellationToken)
   at Microsoft.Extensions.Hosting.HostingAbstractionsHostExtensions.RunAsync(IHost host, CancellationToken token)
   at Microsoft.Extensions.Hosting.HostingAbstractionsHostExtensions.RunAsync(IHost host, CancellationToken token)
   at Microsoft.Extensions.Hosting.HostingAbstractionsHostExtensions.Run(IHost host)
   at Program.<Main>$(String[] args) in C:\Users\Mathi\OneDrive\Desktop\ZAH APP\services\api\src\API\Program.cs:line 217
2026-09-04 17:13:31.787 +05:30 [INF] Starting ZAH Seller AI API
2026-09-04 17:13:32.167 +05:30 [WRN] The WebRootPath was not found: C:\Users\Mathi\OneDrive\Desktop\ZAH APP\services\api\src\API\wwwroot. Static files may be unavailable.
2026-09-04 17:13:32.244 +05:30 [INF] Now listening on: http://0.0.0.0:5000
2026-09-04 17:13:32.252 +05:30 [INF] Application started. Press Ctrl+C to shut down.
2026-09-04 17:13:32.256 +05:30 [INF] Hosting environment: Production
2026-09-04 17:13:32.259 +05:30 [INF] Content root path: C:\Users\Mathi\OneDrive\Desktop\ZAH APP\services\api\src\API
2026-09-04 17:14:52.831 +05:30 [WRN] Failed to determine the https port for redirect.
2026-09-04 17:14:52.913 +05:30 [INF] HTTP GET /api/v1/health responded 404 in 84.9554 ms
2026-09-04 17:15:06.478 +05:30 [INF] HTTP GET / responded 404 in 2.5006 ms
2026-09-04 17:17:54.696 +05:30 [INF] Starting ZAH Seller AI API
2026-09-04 17:17:54.925 +05:30 [WRN] The WebRootPath was not found: C:\Users\Mathi\OneDrive\Desktop\ZAH APP\services\api\src\API\wwwroot. Static files may be unavailable.
2026-09-04 17:17:54.976 +05:30 [INF] Now listening on: http://0.0.0.0:5000
2026-09-04 17:17:54.982 +05:30 [INF] Application started. Press Ctrl+C to shut down.
2026-09-04 17:17:54.985 +05:30 [INF] Hosting environment: Production
2026-09-04 17:17:54.988 +05:30 [INF] Content root path: C:\Users\Mathi\OneDrive\Desktop\ZAH APP\services\api\src\API
2026-09-04 17:18:49.250 +05:30 [WRN] Failed to determine the https port for redirect.
2026-09-04 17:18:49.270 +05:30 [INF] HTTP OPTIONS /api/v1/products responded 204 in 21.7825 ms
2026-09-04 17:25:38.849 +05:30 [INF] Application is shutting down...
2026-09-04 17:25:54.477 +05:30 [INF] Starting ZAH Seller AI API
2026-09-04 17:25:54.746 +05:30 [WRN] The WebRootPath was not found: C:\Users\Mathi\OneDrive\Desktop\ZAH APP\services\api\src\API\wwwroot. Static files may be unavailable.
2026-09-04 17:25:54.803 +05:30 [INF] Now listening on: http://0.0.0.0:5000
2026-09-04 17:25:54.809 +05:30 [INF] Application started. Press Ctrl+C to shut down.
2026-09-04 17:25:54.811 +05:30 [INF] Hosting environment: Production
2026-09-04 17:25:54.814 +05:30 [INF] Content root path: C:\Users\Mathi\OneDrive\Desktop\ZAH APP\services\api\src\API
2026-09-04 17:29:06.413 +05:30 [WRN] Failed to determine the https port for redirect.
2026-09-04 17:29:06.448 +05:30 [INF] HTTP OPTIONS /api/v1/products responded 204 in 38.9867 ms
2026-09-04 17:37:18.135 +05:30 [INF] Starting ZAH Seller AI API
2026-09-04 17:37:18.333 +05:30 [WRN] The WebRootPath was not found: C:\Users\Mathi\OneDrive\Desktop\ZAH APP\services\api\src\API\wwwroot. Static files may be unavailable.
2026-09-04 17:37:18.374 +05:30 [INF] Now listening on: http://0.0.0.0:5000
2026-09-04 17:37:18.379 +05:30 [INF] Application started. Press Ctrl+C to shut down.
2026-09-04 17:37:18.381 +05:30 [INF] Hosting environment: Production
2026-09-04 17:37:18.383 +05:30 [INF] Content root path: C:\Users\Mathi\OneDrive\Desktop\ZAH APP\services\api\src\API
2026-09-04 17:40:37.029 +05:30 [INF] Starting ZAH Seller AI API
2026-09-04 17:40:37.172 +05:30 [WRN] The WebRootPath was not found: C:\Users\Mathi\OneDrive\Desktop\ZAH APP\services\api\src\API\wwwroot. Static files may be unavailable.
2026-09-04 17:40:37.210 +05:30 [INF] Now listening on: http://0.0.0.0:5000
2026-09-04 17:40:37.214 +05:30 [INF] Application started. Press Ctrl+C to shut down.
2026-09-04 17:40:37.217 +05:30 [INF] Hosting environment: Production
2026-09-04 17:40:37.219 +05:30 [INF] Content root path: C:\Users\Mathi\OneDrive\Desktop\ZAH APP\services\api\src\API
2026-09-04 17:40:52.452 +05:30 [WRN] Failed to determine the https port for redirect.
2026-09-04 17:40:52.468 +05:30 [INF] HTTP OPTIONS /api/v1/products responded 204 in 17.2582 ms
2026-09-04 17:40:52.593 +05:30 [INF] HTTP GET /api/v1/products responded 401 in 94.9182 ms
2026-09-04 17:40:52.668 +05:30 [INF] HTTP OPTIONS /api/v1/auth/refresh responded 204 in 0.8977 ms
2026-09-04 17:41:24.426 +05:30 [ERR] HTTP POST /api/v1/auth/refresh responded 500 in 31743.5884 ms
System.TimeoutException: A timeout occurred after 30000ms selecting a server using CompositeServerSelector{ Selectors = WritableServerSelector, LatencyLimitingServerSelector{ AllowedLatencyRange = 00:00:00.0150000 }, OperationsCountServerSelector }. Client view of cluster state is { ClusterId : "1", Type : "Unknown", State : "Disconnected", Servers : [{ ServerId: "{ ClusterId : 1, EndPoint : "Unspecified/localhost:27017" }", EndPoint: "Unspecified/localhost:27017", ReasonChanged: "Heartbeat", State: "Disconnected", ServerVersion: , TopologyVersion: , Type: "Unknown", HeartbeatException: "MongoDB.Driver.MongoConnectionException: An exception occurred while opening a connection to the server.
 ---> System.Net.Sockets.SocketException (10061): No connection could be made because the target machine actively refused it. [::1]:27017
   at System.Net.Sockets.Socket.DoConnect(EndPoint endPointSnapshot, SocketAddress socketAddress)
   at System.Net.Sockets.Socket.Connect(EndPoint remoteEP)
   at MongoDB.Driver.Core.Connections.TcpStreamFactory.Connect(Socket socket, EndPoint endPoint, CancellationToken cancellationToken)
   at MongoDB.Driver.Core.Connections.TcpStreamFactory.CreateStream(EndPoint endPoint, CancellationToken cancellationToken)
   at MongoDB.Driver.Core.Connections.BinaryConnection.OpenHelper(CancellationToken cancellationToken)
   --- End of inner exception stack trace ---
   at MongoDB.Driver.Core.Connections.BinaryConnection.OpenHelper(CancellationToken cancellationToken)
   at MongoDB.Driver.Core.Connections.BinaryConnection.Open(CancellationToken cancellationToken)
   at MongoDB.Driver.Core.Servers.ServerMonitor.InitializeConnection(CancellationToken cancellationToken)
   at MongoDB.Driver.Core.Servers.ServerMonitor.Heartbeat(CancellationToken cancellationToken)", LastHeartbeatTimestamp: "2026-09-04T12:11:21.3314711Z", LastUpdateTimestamp: "2026-09-04T12:11:21.3314723Z" }] }.
   at MongoDB.Driver.Core.Clusters.Cluster.ThrowTimeoutException(IServerSelector selector, ClusterDescription description)
   at MongoDB.Driver.Core.Clusters.Cluster.WaitForDescriptionChangedHelper.HandleCompletedTask(Task completedTask)
   at MongoDB.Driver.Core.Clusters.Cluster.WaitForDescriptionChanged(IServerSelector selector, ClusterDescription description, Task descriptionChangedTask, TimeSpan timeout, CancellationToken cancellationToken)
   at MongoDB.Driver.Core.Clusters.Cluster.SelectServer(IServerSelector selector, CancellationToken cancellationToken)
   at MongoDB.Driver.Core.Clusters.IClusterExtensions.SelectServerAndPinIfNeeded(ICluster cluster, ICoreSessionHandle session, IServerSelector selector, CancellationToken cancellationToken)
   at MongoDB.Driver.Core.Bindings.WritableServerBinding.GetWriteChannelSource(CancellationToken cancellationToken)
   at MongoDB.Driver.Core.Bindings.ReadWriteBindingHandle.GetWriteChannelSource(CancellationToken cancellationToken)
   at MongoDB.Driver.Core.Operations.CreateIndexesOperation.Execute(IWriteBinding binding, CancellationToken cancellationToken)
   at MongoDB.Driver.OperationExecutor.ExecuteWriteOperation[TResult](IWriteBinding binding, IWriteOperation`1 operation, CancellationToken cancellationToken)
   at MongoDB.Driver.MongoCollectionImpl`1.ExecuteWriteOperation[TResult](IClientSessionHandle session, IWriteOperation`1 operation, CancellationToken cancellationToken)
   at MongoDB.Driver.MongoCollectionImpl`1.MongoIndexManager.CreateMany(IClientSessionHandle session, IEnumerable`1 models, CreateManyIndexesOptions options, CancellationToken cancellationToken)
   at MongoDB.Driver.MongoCollectionImpl`1.MongoIndexManager.<>c__DisplayClass9_0.<CreateMany>b__0(IClientSessionHandle session)
   at MongoDB.Driver.MongoCollectionImpl`1.UsingImplicitSession[TResult](Func`2 func, CancellationToken cancellationToken)
   at MongoDB.Driver.MongoCollectionImpl`1.MongoIndexManager.CreateMany(IEnumerable`1 models, CreateManyIndexesOptions options, CancellationToken cancellationToken)
   at MongoDB.Driver.MongoIndexManagerBase`1.CreateOne(CreateIndexModel`1 model, CreateOneIndexOptions options, CancellationToken cancellationToken)
   at ZahSellerAI.Infrastructure.MongoDB.MongoDbContext.CreateIndexes() in C:\Users\Mathi\OneDrive\Desktop\ZAH APP\services\api\src\Infrastructure\MongoDB\MongoDbContext.cs:line 39
   at ZahSellerAI.Infrastructure.MongoDB.MongoDbContext..ctor(IOptions`1 settings) in C:\Users\Mathi\OneDrive\Desktop\ZAH APP\services\api\src\Infrastructure\MongoDB\MongoDbContext.cs:line 20
   at System.Reflection.MethodBaseInvoker.InterpretedInvoke_Constructor(Object obj, IntPtr* args)
   at System.Reflection.MethodBaseInvoker.InvokeDirectByRefWithFewArgs(Object obj, Span`1 copyOfArgs, BindingFlags invokeAttr)
   at System.Reflection.MethodBaseInvoker.InvokeWithOneArg(Object obj, BindingFlags invokeAttr, Binder binder, Object[] parameters, CultureInfo culture)
   at System.Reflection.RuntimeConstructorInfo.Invoke(BindingFlags invokeAttr, Binder binder, Object[] parameters, CultureInfo culture)
   at Microsoft.Extensions.DependencyInjection.ServiceLookup.CallSiteRuntimeResolver.VisitConstructor(ConstructorCallSite constructorCallSite, RuntimeResolverContext context)
   at Microsoft.Extensions.DependencyInjection.ServiceLookup.CallSiteRuntimeResolver.VisitRootCache(ServiceCallSite callSite, RuntimeResolverContext context)
   at Microsoft.Extensions.DependencyInjection.ServiceLookup.CallSiteVisitor`2.VisitCallSite(ServiceCallSite callSite, TArgument argument)
   at Microsoft.Extensions.DependencyInjection.ServiceLookup.CallSiteRuntimeResolver.VisitConstructor(ConstructorCallSite constructorCallSite, RuntimeResolverContext context)
   at Microsoft.Extensions.DependencyInjection.ServiceLookup.CallSiteRuntimeResolver.VisitCache(ServiceCallSite callSite, RuntimeResolverContext context, ServiceProviderEngineScope serviceProviderEngine, RuntimeResolverLock lockType)
   at Microsoft.Extensions.DependencyInjection.ServiceLookup.CallSiteRuntimeResolver.VisitScopeCache(ServiceCallSite callSite, RuntimeResolverContext context)
   at Microsoft.Extensions.DependencyInjection.ServiceLookup.CallSiteVisitor`2.VisitCallSite(ServiceCallSite callSite, TArgument argument)
   at Microsoft.Extensions.DependencyInjection.ServiceLookup.CallSiteRuntimeResolver.Resolve(ServiceCallSite callSite, ServiceProviderEngineScope scope)
   at Microsoft.Extensions.DependencyInjection.ServiceLookup.DynamicServiceProviderEngine.<>c__DisplayClass2_0.<RealizeService>b__0(ServiceProviderEngineScope scope)
   at Microsoft.Extensions.DependencyInjection.ServiceProvider.GetService(ServiceIdentifier serviceIdentifier, ServiceProviderEngineScope serviceProviderEngineScope)
   at Microsoft.Extensions.DependencyInjection.ServiceLookup.ServiceProviderEngineScope.GetService(Type serviceType)
   at lambda_method25(Closure, IServiceProvider, Object[])
   at Microsoft.AspNetCore.Mvc.Controllers.ControllerFactoryProvider.<>c__DisplayClass6_0.<CreateControllerFactory>g__CreateController|0(ControllerContext controllerContext)
   at Microsoft.AspNetCore.Mvc.Infrastructure.ControllerActionInvoker.Next(State& next, Scope& scope, Object& state, Boolean& isCompleted)
   at Microsoft.AspNetCore.Mvc.Infrastructure.ControllerActionInvoker.InvokeInnerFilterAsync()
--- End of stack trace from previous location ---
   at Microsoft.AspNetCore.Mvc.Infrastructure.ResourceInvoker.<InvokeFilterPipelineAsync>g__Awaited|20_0(ResourceInvoker invoker, Task lastTask, State next, Scope scope, Object state, Boolean isCompleted)
   at Microsoft.AspNetCore.Mvc.Infrastructure.ResourceInvoker.<InvokeAsync>g__Awaited|17_0(ResourceInvoker invoker, Task task, IDisposable scope)
   at Microsoft.AspNetCore.Mvc.Infrastructure.ResourceInvoker.<InvokeAsync>g__Awaited|17_0(ResourceInvoker invoker, Task task, IDisposable scope)
   at Microsoft.AspNetCore.Authorization.AuthorizationMiddleware.Invoke(HttpContext context)
   at Microsoft.AspNetCore.Authentication.AuthenticationMiddleware.Invoke(HttpContext context)
   at Serilog.AspNetCore.RequestLoggingMiddleware.Invoke(HttpContext httpContext)
2026-09-04 17:41:24.500 +05:30 [ERR] Connection id "0HNOAFM89SR1S", Request id "0HNOAFM89SR1S:00000004": An unhandled exception was thrown by the application.
System.TimeoutException: A timeout occurred after 30000ms selecting a server using CompositeServerSelector{ Selectors = WritableServerSelector, LatencyLimitingServerSelector{ AllowedLatencyRange = 00:00:00.0150000 }, OperationsCountServerSelector }. Client view of cluster state is { ClusterId : "1", Type : "Unknown", State : "Disconnected", Servers : [{ ServerId: "{ ClusterId : 1, EndPoint : "Unspecified/localhost:27017" }", EndPoint: "Unspecified/localhost:27017", ReasonChanged: "Heartbeat", State: "Disconnected", ServerVersion: , TopologyVersion: , Type: "Unknown", HeartbeatException: "MongoDB.Driver.MongoConnectionException: An exception occurred while opening a connection to the server.
 ---> System.Net.Sockets.SocketException (10061): No connection could be made because the target machine actively refused it. [::1]:27017
   at System.Net.Sockets.Socket.DoConnect(EndPoint endPointSnapshot, SocketAddress socketAddress)
   at System.Net.Sockets.Socket.Connect(EndPoint remoteEP)
   at MongoDB.Driver.Core.Connections.TcpStreamFactory.Connect(Socket socket, EndPoint endPoint, CancellationToken cancellationToken)
   at MongoDB.Driver.Core.Connections.TcpStreamFactory.CreateStream(EndPoint endPoint, CancellationToken cancellationToken)
   at MongoDB.Driver.Core.Connections.BinaryConnection.OpenHelper(CancellationToken cancellationToken)
   --- End of inner exception stack trace ---
   at MongoDB.Driver.Core.Connections.BinaryConnection.OpenHelper(CancellationToken cancellationToken)
   at MongoDB.Driver.Core.Connections.BinaryConnection.Open(CancellationToken cancellationToken)
   at MongoDB.Driver.Core.Servers.ServerMonitor.InitializeConnection(CancellationToken cancellationToken)
   at MongoDB.Driver.Core.Servers.ServerMonitor.Heartbeat(CancellationToken cancellationToken)", LastHeartbeatTimestamp: "2026-09-04T12:11:21.3314711Z", LastUpdateTimestamp: "2026-09-04T12:11:21.3314723Z" }] }.
   at MongoDB.Driver.Core.Clusters.Cluster.ThrowTimeoutException(IServerSelector selector, ClusterDescription description)
   at MongoDB.Driver.Core.Clusters.Cluster.WaitForDescriptionChangedHelper.HandleCompletedTask(Task completedTask)
   at MongoDB.Driver.Core.Clusters.Cluster.WaitForDescriptionChanged(IServerSelector selector, ClusterDescription description, Task descriptionChangedTask, TimeSpan timeout, CancellationToken cancellationToken)
   at MongoDB.Driver.Core.Clusters.Cluster.SelectServer(IServerSelector selector, CancellationToken cancellationToken)
   at MongoDB.Driver.Core.Clusters.IClusterExtensions.SelectServerAndPinIfNeeded(ICluster cluster, ICoreSessionHandle session, IServerSelector selector, CancellationToken cancellationToken)
   at MongoDB.Driver.Core.Bindings.WritableServerBinding.GetWriteChannelSource(CancellationToken cancellationToken)
   at MongoDB.Driver.Core.Bindings.ReadWriteBindingHandle.GetWriteChannelSource(CancellationToken cancellationToken)
   at MongoDB.Driver.Core.Operations.CreateIndexesOperation.Execute(IWriteBinding binding, CancellationToken cancellationToken)
   at MongoDB.Driver.OperationExecutor.ExecuteWriteOperation[TResult](IWriteBinding binding, IWriteOperation`1 operation, CancellationToken cancellationToken)
   at MongoDB.Driver.MongoCollectionImpl`1.ExecuteWriteOperation[TResult](IClientSessionHandle session, IWriteOperation`1 operation, CancellationToken cancellationToken)
   at MongoDB.Driver.MongoCollectionImpl`1.MongoIndexManager.CreateMany(IClientSessionHandle session, IEnumerable`1 models, CreateManyIndexesOptions options, CancellationToken cancellationToken)
   at MongoDB.Driver.MongoCollectionImpl`1.MongoIndexManager.<>c__DisplayClass9_0.<CreateMany>b__0(IClientSessionHandle session)
   at MongoDB.Driver.MongoCollectionImpl`1.UsingImplicitSession[TResult](Func`2 func, CancellationToken cancellationToken)
   at MongoDB.Driver.MongoCollectionImpl`1.MongoIndexManager.CreateMany(IEnumerable`1 models, CreateManyIndexesOptions options, CancellationToken cancellationToken)
   at MongoDB.Driver.MongoIndexManagerBase`1.CreateOne(CreateIndexModel`1 model, CreateOneIndexOptions options, CancellationToken cancellationToken)
   at ZahSellerAI.Infrastructure.MongoDB.MongoDbContext.CreateIndexes() in C:\Users\Mathi\OneDrive\Desktop\ZAH APP\services\api\src\Infrastructure\MongoDB\MongoDbContext.cs:line 39
   at ZahSellerAI.Infrastructure.MongoDB.MongoDbContext..ctor(IOptions`1 settings) in C:\Users\Mathi\OneDrive\Desktop\ZAH APP\services\api\src\Infrastructure\MongoDB\MongoDbContext.cs:line 20
   at System.Reflection.MethodBaseInvoker.InterpretedInvoke_Constructor(Object obj, IntPtr* args)
   at System.Reflection.MethodBaseInvoker.InvokeDirectByRefWithFewArgs(Object obj, Span`1 copyOfArgs, BindingFlags invokeAttr)
   at System.Reflection.MethodBaseInvoker.InvokeWithOneArg(Object obj, BindingFlags invokeAttr, Binder binder, Object[] parameters, CultureInfo culture)
   at System.Reflection.RuntimeConstructorInfo.Invoke(BindingFlags invokeAttr, Binder binder, Object[] parameters, CultureInfo culture)
   at Microsoft.Extensions.DependencyInjection.ServiceLookup.CallSiteRuntimeResolver.VisitConstructor(ConstructorCallSite constructorCallSite, RuntimeResolverContext context)
   at Microsoft.Extensions.DependencyInjection.ServiceLookup.CallSiteRuntimeResolver.VisitRootCache(ServiceCallSite callSite, RuntimeResolverContext context)
   at Microsoft.Extensions.DependencyInjection.ServiceLookup.CallSiteVisitor`2.VisitCallSite(ServiceCallSite callSite, TArgument argument)
   at Microsoft.Extensions.DependencyInjection.ServiceLookup.CallSiteRuntimeResolver.VisitConstructor(ConstructorCallSite constructorCallSite, RuntimeResolverContext context)
   at Microsoft.Extensions.DependencyInjection.ServiceLookup.CallSiteRuntimeResolver.VisitCache(ServiceCallSite callSite, RuntimeResolverContext context, ServiceProviderEngineScope serviceProviderEngine, RuntimeResolverLock lockType)
   at Microsoft.Extensions.DependencyInjection.ServiceLookup.CallSiteRuntimeResolver.VisitScopeCache(ServiceCallSite callSite, RuntimeResolverContext context)
   at Microsoft.Extensions.DependencyInjection.ServiceLookup.CallSiteVisitor`2.VisitCallSite(ServiceCallSite callSite, TArgument argument)
   at Microsoft.Extensions.DependencyInjection.ServiceLookup.CallSiteRuntimeResolver.Resolve(ServiceCallSite callSite, ServiceProviderEngineScope scope)
   at Microsoft.Extensions.DependencyInjection.ServiceLookup.DynamicServiceProviderEngine.<>c__DisplayClass2_0.<RealizeService>b__0(ServiceProviderEngineScope scope)
   at Microsoft.Extensions.DependencyInjection.ServiceProvider.GetService(ServiceIdentifier serviceIdentifier, ServiceProviderEngineScope serviceProviderEngineScope)
   at Microsoft.Extensions.DependencyInjection.ServiceLookup.ServiceProviderEngineScope.GetService(Type serviceType)
   at lambda_method25(Closure, IServiceProvider, Object[])
   at Microsoft.AspNetCore.Mvc.Controllers.ControllerFactoryProvider.<>c__DisplayClass6_0.<CreateControllerFactory>g__CreateController|0(ControllerContext controllerContext)
   at Microsoft.AspNetCore.Mvc.Infrastructure.ControllerActionInvoker.Next(State& next, Scope& scope, Object& state, Boolean& isCompleted)
   at Microsoft.AspNetCore.Mvc.Infrastructure.ControllerActionInvoker.InvokeInnerFilterAsync()
--- End of stack trace from previous location ---
   at Microsoft.AspNetCore.Mvc.Infrastructure.ResourceInvoker.<InvokeFilterPipelineAsync>g__Awaited|20_0(ResourceInvoker invoker, Task lastTask, State next, Scope scope, Object state, Boolean isCompleted)
   at Microsoft.AspNetCore.Mvc.Infrastructure.ResourceInvoker.<InvokeAsync>g__Awaited|17_0(ResourceInvoker invoker, Task task, IDisposable scope)
   at Microsoft.AspNetCore.Mvc.Infrastructure.ResourceInvoker.<InvokeAsync>g__Awaited|17_0(ResourceInvoker invoker, Task task, IDisposable scope)
   at Microsoft.AspNetCore.Authorization.AuthorizationMiddleware.Invoke(HttpContext context)
   at Microsoft.AspNetCore.Authentication.AuthenticationMiddleware.Invoke(HttpContext context)
   at Serilog.AspNetCore.RequestLoggingMiddleware.Invoke(HttpContext httpContext)
   at Microsoft.AspNetCore.Server.Kestrel.Core.Internal.Http.HttpProtocol.ProcessRequests[TContext](IHttpApplication`1 application)
2026-09-04 17:44:22.276 +05:30 [INF] Starting ZAH Seller AI API
2026-09-04 17:44:22.460 +05:30 [WRN] The WebRootPath was not found: C:\Users\Mathi\OneDrive\Desktop\ZAH APP\services\api\src\API\wwwroot. Static files may be unavailable.
2026-09-04 17:44:22.488 +05:30 [WRN] Overriding address(es) 'http://0.0.0.0:5000'. Binding to endpoints defined via IConfiguration and/or UseKestrel() instead.
2026-09-04 17:44:22.503 +05:30 [INF] Now listening on: http://0.0.0.0:5000
2026-09-04 17:44:22.504 +05:30 [INF] Application started. Press Ctrl+C to shut down.
2026-09-04 17:44:22.504 +05:30 [INF] Hosting environment: Production
2026-09-04 17:44:22.504 +05:30 [INF] Content root path: C:\Users\Mathi\OneDrive\Desktop\ZAH APP\services\api\src\API
2026-09-04 17:47:53.088 +05:30 [WRN] Failed to determine the https port for redirect.
2026-09-04 17:47:53.177 +05:30 [INF] HTTP HEAD /swagger/index.html responded 404 in 91.4211 ms
2026-09-04 17:47:53.204 +05:30 [INF] HTTP GET /swagger/index.html responded 404 in 2.9776 ms
2026-09-04 17:48:05.243 +05:30 [INF] HTTP HEAD / responded 404 in 5.6859 ms
2026-09-04 17:48:05.244 +05:30 [INF] HTTP GET / responded 404 in 0.2136 ms
2026-09-04 17:48:42.599 +05:30 [INF] Starting ZAH Seller AI API
2026-09-04 17:48:42.838 +05:30 [WRN] The WebRootPath was not found: C:\Users\Mathi\OneDrive\Desktop\ZAH APP\services\api\src\API\wwwroot. Static files may be unavailable.
2026-09-04 17:48:42.897 +05:30 [WRN] Overriding address(es) 'http://0.0.0.0:5000'. Binding to endpoints defined via IConfiguration and/or UseKestrel() instead.
2026-09-04 17:48:42.928 +05:30 [INF] Now listening on: http://0.0.0.0:5000
2026-09-04 17:48:42.929 +05:30 [INF] Application started. Press Ctrl+C to shut down.
2026-09-04 17:48:42.929 +05:30 [INF] Hosting environment: Development
2026-09-04 17:48:42.929 +05:30 [INF] Content root path: C:\Users\Mathi\OneDrive\Desktop\ZAH APP\services\api\src\API
2026-09-04 18:01:00.859 +05:30 [WRN] Failed to determine the https port for redirect.
2026-09-04 18:01:00.941 +05:30 [INF] HTTP HEAD /health responded 405 in 83.7191 ms
2026-09-04 18:01:01.047 +05:30 [INF] HTTP GET /health responded 200 in 74.5224 ms
2026-09-04 18:03:26.274 +05:30 [INF] HTTP GET /health responded 200 in 15.5438 ms
2026-09-04 18:03:26.381 +05:30 [INF] HTTP GET /favicon.ico responded 404 in 0.3162 ms
2026-09-04 18:05:24.072 +05:30 [INF] Starting ZAH Seller AI API
2026-09-04 18:05:24.323 +05:30 [WRN] The WebRootPath was not found: C:\Users\Mathi\OneDrive\Desktop\ZAH APP\services\api\src\API\wwwroot. Static files may be unavailable.
2026-09-04 18:05:24.391 +05:30 [INF] Now listening on: http://0.0.0.0:5000
2026-09-04 18:05:24.399 +05:30 [INF] Application started. Press Ctrl+C to shut down.
2026-09-04 18:05:24.402 +05:30 [INF] Hosting environment: Development
2026-09-04 18:05:24.404 +05:30 [INF] Content root path: C:\Users\Mathi\OneDrive\Desktop\ZAH APP\services\api\src\API
2026-09-04 18:11:15.751 +05:30 [INF] Application is shutting down...
2026-09-04 18:11:32.223 +05:30 [INF] Starting ZAH Seller AI API
2026-09-04 18:11:32.468 +05:30 [WRN] The WebRootPath was not found: C:\Users\Mathi\OneDrive\Desktop\ZAH APP\services\api\src\API\wwwroot. Static files may be unavailable.
2026-09-04 18:11:32.532 +05:30 [INF] Now listening on: http://0.0.0.0:5000
2026-09-04 18:11:32.537 +05:30 [INF] Application started. Press Ctrl+C to shut down.
2026-09-04 18:11:32.539 +05:30 [INF] Hosting environment: Development
2026-09-04 18:11:32.542 +05:30 [INF] Content root path: C:\Users\Mathi\OneDrive\Desktop\ZAH APP\services\api\src\API
2026-09-04 18:12:31.746 +05:30 [WRN] Failed to determine the https port for redirect.
2026-09-04 18:12:31.760 +05:30 [INF] HTTP OPTIONS /api/v1/auth/login responded 204 in 14.9562 ms
2026-09-04 18:13:01.608 +05:30 [INF] HTTP OPTIONS /api/v1/products responded 204 in 1.0323 ms
2026-09-04 18:13:01.667 +05:30 [INF] HTTP GET /api/v1/products responded 401 in 49.4435 ms
2026-09-04 18:13:01.782 +05:30 [INF] HTTP OPTIONS /api/v1/auth/refresh responded 204 in 0.1057 ms
2026-09-04 18:13:04.091 +05:30 [ERR] HTTP POST /api/v1/auth/login responded 500 in 32296.7935 ms
System.TimeoutException: A timeout occurred after 30000ms selecting a server using CompositeServerSelector{ Selectors = WritableServerSelector, LatencyLimitingServerSelector{ AllowedLatencyRange = 00:00:00.0150000 }, OperationsCountServerSelector }. Client view of cluster state is { ClusterId : "1", Type : "Unknown", State : "Disconnected", Servers : [{ ServerId: "{ ClusterId : 1, EndPoint : "Unspecified/localhost:27017" }", EndPoint: "Unspecified/localhost:27017", ReasonChanged: "Heartbeat", State: "Disconnected", ServerVersion: , TopologyVersion: , Type: "Unknown", HeartbeatException: "MongoDB.Driver.MongoConnectionException: An exception occurred while opening a connection to the server.
 ---> System.Net.Sockets.SocketException (10061): No connection could be made because the target machine actively refused it. [::1]:27017
   at System.Net.Sockets.Socket.DoConnect(EndPoint endPointSnapshot, SocketAddress socketAddress)
   at System.Net.Sockets.Socket.Connect(EndPoint remoteEP)
   at MongoDB.Driver.Core.Connections.TcpStreamFactory.Connect(Socket socket, EndPoint endPoint, CancellationToken cancellationToken)
   at MongoDB.Driver.Core.Connections.TcpStreamFactory.CreateStream(EndPoint endPoint, CancellationToken cancellationToken)
   at MongoDB.Driver.Core.Connections.BinaryConnection.OpenHelper(CancellationToken cancellationToken)
   --- End of inner exception stack trace ---
   at MongoDB.Driver.Core.Connections.BinaryConnection.OpenHelper(CancellationToken cancellationToken)
   at MongoDB.Driver.Core.Connections.BinaryConnection.Open(CancellationToken cancellationToken)
   at MongoDB.Driver.Core.Servers.ServerMonitor.InitializeConnection(CancellationToken cancellationToken)
   at MongoDB.Driver.Core.Servers.ServerMonitor.Heartbeat(CancellationToken cancellationToken)", LastHeartbeatTimestamp: "2026-09-04T12:43:00.8453554Z", LastUpdateTimestamp: "2026-09-04T12:43:00.8453569Z" }] }.
   at MongoDB.Driver.Core.Clusters.Cluster.ThrowTimeoutException(IServerSelector selector, ClusterDescription description)
   at MongoDB.Driver.Core.Clusters.Cluster.WaitForDescriptionChangedHelper.HandleCompletedTask(Task completedTask)
   at MongoDB.Driver.Core.Clusters.Cluster.WaitForDescriptionChanged(IServerSelector selector, ClusterDescription description, Task descriptionChangedTask, TimeSpan timeout, CancellationToken cancellationToken)
   at MongoDB.Driver.Core.Clusters.Cluster.SelectServer(IServerSelector selector, CancellationToken cancellationToken)
   at MongoDB.Driver.Core.Clusters.IClusterExtensions.SelectServerAndPinIfNeeded(ICluster cluster, ICoreSessionHandle session, IServerSelector selector, CancellationToken cancellationToken)
   at MongoDB.Driver.Core.Bindings.WritableServerBinding.GetWriteChannelSource(CancellationToken cancellationToken)
   at MongoDB.Driver.Core.Bindings.ReadWriteBindingHandle.GetWriteChannelSource(CancellationToken cancellationToken)
   at MongoDB.Driver.Core.Operations.CreateIndexesOperation.Execute(IWriteBinding binding, CancellationToken cancellationToken)
   at MongoDB.Driver.OperationExecutor.ExecuteWriteOperation[TResult](IWriteBinding binding, IWriteOperation`1 operation, CancellationToken cancellationToken)
   at MongoDB.Driver.MongoCollectionImpl`1.ExecuteWriteOperation[TResult](IClientSessionHandle session, IWriteOperation`1 operation, CancellationToken cancellationToken)
   at MongoDB.Driver.MongoCollectionImpl`1.MongoIndexManager.CreateMany(IClientSessionHandle session, IEnumerable`1 models, CreateManyIndexesOptions options, CancellationToken cancellationToken)
   at MongoDB.Driver.MongoCollectionImpl`1.MongoIndexManager.<>c__DisplayClass9_0.<CreateMany>b__0(IClientSessionHandle session)
   at MongoDB.Driver.MongoCollectionImpl`1.UsingImplicitSession[TResult](Func`2 func, CancellationToken cancellationToken)
   at MongoDB.Driver.MongoCollectionImpl`1.MongoIndexManager.CreateMany(IEnumerable`1 models, CreateManyIndexesOptions options, CancellationToken cancellationToken)
   at MongoDB.Driver.MongoIndexManagerBase`1.CreateOne(CreateIndexModel`1 model, CreateOneIndexOptions options, CancellationToken cancellationToken)
   at ZahSellerAI.Infrastructure.MongoDB.MongoDbContext.CreateIndexes() in C:\Users\Mathi\OneDrive\Desktop\ZAH APP\services\api\src\Infrastructure\MongoDB\MongoDbContext.cs:line 39
   at ZahSellerAI.Infrastructure.MongoDB.MongoDbContext..ctor(IOptions`1 settings) in C:\Users\Mathi\OneDrive\Desktop\ZAH APP\services\api\src\Infrastructure\MongoDB\MongoDbContext.cs:line 20
   at System.Reflection.MethodBaseInvoker.InterpretedInvoke_Constructor(Object obj, IntPtr* args)
   at System.Reflection.MethodBaseInvoker.InvokeDirectByRefWithFewArgs(Object obj, Span`1 copyOfArgs, BindingFlags invokeAttr)
   at System.Reflection.MethodBaseInvoker.InvokeWithOneArg(Object obj, BindingFlags invokeAttr, Binder binder, Object[] parameters, CultureInfo culture)
   at System.Reflection.RuntimeConstructorInfo.Invoke(BindingFlags invokeAttr, Binder binder, Object[] parameters, CultureInfo culture)
   at Microsoft.Extensions.DependencyInjection.ServiceLookup.CallSiteRuntimeResolver.VisitConstructor(ConstructorCallSite constructorCallSite, RuntimeResolverContext context)
   at Microsoft.Extensions.DependencyInjection.ServiceLookup.CallSiteRuntimeResolver.VisitRootCache(ServiceCallSite callSite, RuntimeResolverContext context)
   at Microsoft.Extensions.DependencyInjection.ServiceLookup.CallSiteVisitor`2.VisitCallSite(ServiceCallSite callSite, TArgument argument)
   at Microsoft.Extensions.DependencyInjection.ServiceLookup.CallSiteRuntimeResolver.VisitConstructor(ConstructorCallSite constructorCallSite, RuntimeResolverContext context)
   at Microsoft.Extensions.DependencyInjection.ServiceLookup.CallSiteRuntimeResolver.VisitCache(ServiceCallSite callSite, RuntimeResolverContext context, ServiceProviderEngineScope serviceProviderEngine, RuntimeResolverLock lockType)
   at Microsoft.Extensions.DependencyInjection.ServiceLookup.CallSiteRuntimeResolver.VisitScopeCache(ServiceCallSite callSite, RuntimeResolverContext context)
   at Microsoft.Extensions.DependencyInjection.ServiceLookup.CallSiteVisitor`2.VisitCallSite(ServiceCallSite callSite, TArgument argument)
   at Microsoft.Extensions.DependencyInjection.ServiceLookup.CallSiteRuntimeResolver.Resolve(ServiceCallSite callSite, ServiceProviderEngineScope scope)
   at Microsoft.Extensions.DependencyInjection.ServiceLookup.DynamicServiceProviderEngine.<>c__DisplayClass2_0.<RealizeService>b__0(ServiceProviderEngineScope scope)
   at Microsoft.Extensions.DependencyInjection.ServiceProvider.GetService(ServiceIdentifier serviceIdentifier, ServiceProviderEngineScope serviceProviderEngineScope)
   at Microsoft.Extensions.DependencyInjection.ServiceLookup.ServiceProviderEngineScope.GetService(Type serviceType)
   at lambda_method26(Closure, IServiceProvider, Object[])
   at Microsoft.AspNetCore.Mvc.Controllers.ControllerFactoryProvider.<>c__DisplayClass6_0.<CreateControllerFactory>g__CreateController|0(ControllerContext controllerContext)
   at Microsoft.AspNetCore.Mvc.Infrastructure.ControllerActionInvoker.Next(State& next, Scope& scope, Object& state, Boolean& isCompleted)
   at Microsoft.AspNetCore.Mvc.Infrastructure.ControllerActionInvoker.InvokeInnerFilterAsync()
--- End of stack trace from previous location ---
   at Microsoft.AspNetCore.Mvc.Infrastructure.ResourceInvoker.<InvokeFilterPipelineAsync>g__Awaited|20_0(ResourceInvoker invoker, Task lastTask, State next, Scope scope, Object state, Boolean isCompleted)
   at Microsoft.AspNetCore.Mvc.Infrastructure.ResourceInvoker.<InvokeAsync>g__Awaited|17_0(ResourceInvoker invoker, Task task, IDisposable scope)
   at Microsoft.AspNetCore.Mvc.Infrastructure.ResourceInvoker.<InvokeAsync>g__Awaited|17_0(ResourceInvoker invoker, Task task, IDisposable scope)
   at Microsoft.AspNetCore.Authorization.AuthorizationMiddleware.Invoke(HttpContext context)
   at Microsoft.AspNetCore.Authentication.AuthenticationMiddleware.Invoke(HttpContext context)
   at Serilog.AspNetCore.RequestLoggingMiddleware.Invoke(HttpContext httpContext)
2026-09-04 18:13:04.159 +05:30 [ERR] An unhandled exception has occurred while executing the request.
System.TimeoutException: A timeout occurred after 30000ms selecting a server using CompositeServerSelector{ Selectors = WritableServerSelector, LatencyLimitingServerSelector{ AllowedLatencyRange = 00:00:00.0150000 }, OperationsCountServerSelector }. Client view of cluster state is { ClusterId : "1", Type : "Unknown", State : "Disconnected", Servers : [{ ServerId: "{ ClusterId : 1, EndPoint : "Unspecified/localhost:27017" }", EndPoint: "Unspecified/localhost:27017", ReasonChanged: "Heartbeat", State: "Disconnected", ServerVersion: , TopologyVersion: , Type: "Unknown", HeartbeatException: "MongoDB.Driver.MongoConnectionException: An exception occurred while opening a connection to the server.
 ---> System.Net.Sockets.SocketException (10061): No connection could be made because the target machine actively refused it. [::1]:27017
   at System.Net.Sockets.Socket.DoConnect(EndPoint endPointSnapshot, SocketAddress socketAddress)
   at System.Net.Sockets.Socket.Connect(EndPoint remoteEP)
   at MongoDB.Driver.Core.Connections.TcpStreamFactory.Connect(Socket socket, EndPoint endPoint, CancellationToken cancellationToken)
   at MongoDB.Driver.Core.Connections.TcpStreamFactory.CreateStream(EndPoint endPoint, CancellationToken cancellationToken)
   at MongoDB.Driver.Core.Connections.BinaryConnection.OpenHelper(CancellationToken cancellationToken)
   --- End of inner exception stack trace ---
   at MongoDB.Driver.Core.Connections.BinaryConnection.OpenHelper(CancellationToken cancellationToken)
   at MongoDB.Driver.Core.Connections.BinaryConnection.Open(CancellationToken cancellationToken)
   at MongoDB.Driver.Core.Servers.ServerMonitor.InitializeConnection(CancellationToken cancellationToken)
   at MongoDB.Driver.Core.Servers.ServerMonitor.Heartbeat(CancellationToken cancellationToken)", LastHeartbeatTimestamp: "2026-09-04T12:43:00.8453554Z", LastUpdateTimestamp: "2026-09-04T12:43:00.8453569Z" }] }.
   at MongoDB.Driver.Core.Clusters.Cluster.ThrowTimeoutException(IServerSelector selector, ClusterDescription description)
   at MongoDB.Driver.Core.Clusters.Cluster.WaitForDescriptionChangedHelper.HandleCompletedTask(Task completedTask)
   at MongoDB.Driver.Core.Clusters.Cluster.WaitForDescriptionChanged(IServerSelector selector, ClusterDescription description, Task descriptionChangedTask, TimeSpan timeout, CancellationToken cancellationToken)
   at MongoDB.Driver.Core.Clusters.Cluster.SelectServer(IServerSelector selector, CancellationToken cancellationToken)
   at MongoDB.Driver.Core.Clusters.IClusterExtensions.SelectServerAndPinIfNeeded(ICluster cluster, ICoreSessionHandle session, IServerSelector selector, CancellationToken cancellationToken)
   at MongoDB.Driver.Core.Bindings.WritableServerBinding.GetWriteChannelSource(CancellationToken cancellationToken)
   at MongoDB.Driver.Core.Bindings.ReadWriteBindingHandle.GetWriteChannelSource(CancellationToken cancellationToken)
   at MongoDB.Driver.Core.Operations.CreateIndexesOperation.Execute(IWriteBinding binding, CancellationToken cancellationToken)
   at MongoDB.Driver.OperationExecutor.ExecuteWriteOperation[TResult](IWriteBinding binding, IWriteOperation`1 operation, CancellationToken cancellationToken)
   at MongoDB.Driver.MongoCollectionImpl`1.ExecuteWriteOperation[TResult](IClientSessionHandle session, IWriteOperation`1 operation, CancellationToken cancellationToken)
   at MongoDB.Driver.MongoCollectionImpl`1.MongoIndexManager.CreateMany(IClientSessionHandle session, IEnumerable`1 models, CreateManyIndexesOptions options, CancellationToken cancellationToken)
   at MongoDB.Driver.MongoCollectionImpl`1.MongoIndexManager.<>c__DisplayClass9_0.<CreateMany>b__0(IClientSessionHandle session)
   at MongoDB.Driver.MongoCollectionImpl`1.UsingImplicitSession[TResult](Func`2 func, CancellationToken cancellationToken)
   at MongoDB.Driver.MongoCollectionImpl`1.MongoIndexManager.CreateMany(IEnumerable`1 models, CreateManyIndexesOptions options, CancellationToken cancellationToken)
   at MongoDB.Driver.MongoIndexManagerBase`1.CreateOne(CreateIndexModel`1 model, CreateOneIndexOptions options, CancellationToken cancellationToken)
   at ZahSellerAI.Infrastructure.MongoDB.MongoDbContext.CreateIndexes() in C:\Users\Mathi\OneDrive\Desktop\ZAH APP\services\api\src\Infrastructure\MongoDB\MongoDbContext.cs:line 39
   at ZahSellerAI.Infrastructure.MongoDB.MongoDbContext..ctor(IOptions`1 settings) in C:\Users\Mathi\OneDrive\Desktop\ZAH APP\services\api\src\Infrastructure\MongoDB\MongoDbContext.cs:line 20
   at System.Reflection.MethodBaseInvoker.InterpretedInvoke_Constructor(Object obj, IntPtr* args)
   at System.Reflection.MethodBaseInvoker.InvokeDirectByRefWithFewArgs(Object obj, Span`1 copyOfArgs, BindingFlags invokeAttr)
   at System.Reflection.MethodBaseInvoker.InvokeWithOneArg(Object obj, BindingFlags invokeAttr, Binder binder, Object[] parameters, CultureInfo culture)
   at System.Reflection.RuntimeConstructorInfo.Invoke(BindingFlags invokeAttr, Binder binder, Object[] parameters, CultureInfo culture)
   at Microsoft.Extensions.DependencyInjection.ServiceLookup.CallSiteRuntimeResolver.VisitConstructor(ConstructorCallSite constructorCallSite, RuntimeResolverContext context)
   at Microsoft.Extensions.DependencyInjection.ServiceLookup.CallSiteRuntimeResolver.VisitRootCache(ServiceCallSite callSite, RuntimeResolverContext context)
   at Microsoft.Extensions.DependencyInjection.ServiceLookup.CallSiteVisitor`2.VisitCallSite(ServiceCallSite callSite, TArgument argument)
   at Microsoft.Extensions.DependencyInjection.ServiceLookup.CallSiteRuntimeResolver.VisitConstructor(ConstructorCallSite constructorCallSite, RuntimeResolverContext context)
   at Microsoft.Extensions.DependencyInjection.ServiceLookup.CallSiteRuntimeResolver.VisitCache(ServiceCallSite callSite, RuntimeResolverContext context, ServiceProviderEngineScope serviceProviderEngine, RuntimeResolverLock lockType)
   at Microsoft.Extensions.DependencyInjection.ServiceLookup.CallSiteRuntimeResolver.VisitScopeCache(ServiceCallSite callSite, RuntimeResolverContext context)
   at Microsoft.Extensions.DependencyInjection.ServiceLookup.CallSiteVisitor`2.VisitCallSite(ServiceCallSite callSite, TArgument argument)
   at Microsoft.Extensions.DependencyInjection.ServiceLookup.CallSiteRuntimeResolver.Resolve(ServiceCallSite callSite, ServiceProviderEngineScope scope)
   at Microsoft.Extensions.DependencyInjection.ServiceLookup.DynamicServiceProviderEngine.<>c__DisplayClass2_0.<RealizeService>b__0(ServiceProviderEngineScope scope)
   at Microsoft.Extensions.DependencyInjection.ServiceProvider.GetService(ServiceIdentifier serviceIdentifier, ServiceProviderEngineScope serviceProviderEngineScope)
   at Microsoft.Extensions.DependencyInjection.ServiceLookup.ServiceProviderEngineScope.GetService(Type serviceType)
   at lambda_method26(Closure, IServiceProvider, Object[])
   at Microsoft.AspNetCore.Mvc.Controllers.ControllerFactoryProvider.<>c__DisplayClass6_0.<CreateControllerFactory>g__CreateController|0(ControllerContext controllerContext)
   at Microsoft.AspNetCore.Mvc.Infrastructure.ControllerActionInvoker.Next(State& next, Scope& scope, Object& state, Boolean& isCompleted)
   at Microsoft.AspNetCore.Mvc.Infrastructure.ControllerActionInvoker.InvokeInnerFilterAsync()
--- End of stack trace from previous location ---
   at Microsoft.AspNetCore.Mvc.Infrastructure.ResourceInvoker.<InvokeFilterPipelineAsync>g__Awaited|20_0(ResourceInvoker invoker, Task lastTask, State next, Scope scope, Object state, Boolean isCompleted)
   at Microsoft.AspNetCore.Mvc.Infrastructure.ResourceInvoker.<InvokeAsync>g__Awaited|17_0(ResourceInvoker invoker, Task task, IDisposable scope)
   at Microsoft.AspNetCore.Mvc.Infrastructure.ResourceInvoker.<InvokeAsync>g__Awaited|17_0(ResourceInvoker invoker, Task task, IDisposable scope)
   at Microsoft.AspNetCore.Authorization.AuthorizationMiddleware.Invoke(HttpContext context)
   at Microsoft.AspNetCore.Authentication.AuthenticationMiddleware.Invoke(HttpContext context)
   at Serilog.AspNetCore.RequestLoggingMiddleware.Invoke(HttpContext httpContext)
   at Swashbuckle.AspNetCore.SwaggerUI.SwaggerUIMiddleware.Invoke(HttpContext httpContext)
   at Swashbuckle.AspNetCore.Swagger.SwaggerMiddleware.Invoke(HttpContext httpContext, ISwaggerProvider swaggerProvider)
   at Microsoft.AspNetCore.Diagnostics.DeveloperExceptionPageMiddlewareImpl.Invoke(HttpContext context)
2026-09-04 18:13:34.108 +05:30 [ERR] HTTP POST /api/v1/auth/refresh responded 500 in 32318.7077 ms
System.TimeoutException: A timeout occurred after 30000ms selecting a server using CompositeServerSelector{ Selectors = WritableServerSelector, LatencyLimitingServerSelector{ AllowedLatencyRange = 00:00:00.0150000 }, OperationsCountServerSelector }. Client view of cluster state is { ClusterId : "1", Type : "Unknown", State : "Disconnected", Servers : [{ ServerId: "{ ClusterId : 1, EndPoint : "Unspecified/localhost:27017" }", EndPoint: "Unspecified/localhost:27017", ReasonChanged: "Heartbeat", State: "Disconnected", ServerVersion: , TopologyVersion: , Type: "Unknown", HeartbeatException: "MongoDB.Driver.MongoConnectionException: An exception occurred while opening a connection to the server.
 ---> System.Net.Sockets.SocketException (10061): No connection could be made because the target machine actively refused it. [::1]:27017
   at System.Net.Sockets.Socket.DoConnect(EndPoint endPointSnapshot, SocketAddress socketAddress)
   at System.Net.Sockets.Socket.Connect(EndPoint remoteEP)
   at MongoDB.Driver.Core.Connections.TcpStreamFactory.Connect(Socket socket, EndPoint endPoint, CancellationToken cancellationToken)
   at MongoDB.Driver.Core.Connections.TcpStreamFactory.CreateStream(EndPoint endPoint, CancellationToken cancellationToken)
   at MongoDB.Driver.Core.Connections.BinaryConnection.OpenHelper(CancellationToken cancellationToken)
   --- End of inner exception stack trace ---
   at MongoDB.Driver.Core.Connections.BinaryConnection.OpenHelper(CancellationToken cancellationToken)
   at MongoDB.Driver.Core.Connections.BinaryConnection.Open(CancellationToken cancellationToken)
   at MongoDB.Driver.Core.Servers.ServerMonitor.InitializeConnection(CancellationToken cancellationToken)
   at MongoDB.Driver.Core.Servers.ServerMonitor.Heartbeat(CancellationToken cancellationToken)", LastHeartbeatTimestamp: "2026-09-04T12:43:32.5087588Z", LastUpdateTimestamp: "2026-09-04T12:43:32.5087603Z" }] }.
   at MongoDB.Driver.Core.Clusters.Cluster.ThrowTimeoutException(IServerSelector selector, ClusterDescription description)
   at MongoDB.Driver.Core.Clusters.Cluster.WaitForDescriptionChangedHelper.HandleCompletedTask(Task completedTask)
   at MongoDB.Driver.Core.Clusters.Cluster.WaitForDescriptionChanged(IServerSelector selector, ClusterDescription description, Task descriptionChangedTask, TimeSpan timeout, CancellationToken cancellationToken)
   at MongoDB.Driver.Core.Clusters.Cluster.SelectServer(IServerSelector selector, CancellationToken cancellationToken)
   at MongoDB.Driver.Core.Clusters.IClusterExtensions.SelectServerAndPinIfNeeded(ICluster cluster, ICoreSessionHandle session, IServerSelector selector, CancellationToken cancellationToken)
   at MongoDB.Driver.Core.Bindings.WritableServerBinding.GetWriteChannelSource(CancellationToken cancellationToken)
   at MongoDB.Driver.Core.Bindings.ReadWriteBindingHandle.GetWriteChannelSource(CancellationToken cancellationToken)
   at MongoDB.Driver.Core.Operations.CreateIndexesOperation.Execute(IWriteBinding binding, CancellationToken cancellationToken)
   at MongoDB.Driver.OperationExecutor.ExecuteWriteOperation[TResult](IWriteBinding binding, IWriteOperation`1 operation, CancellationToken cancellationToken)
   at MongoDB.Driver.MongoCollectionImpl`1.ExecuteWriteOperation[TResult](IClientSessionHandle session, IWriteOperation`1 operation, CancellationToken cancellationToken)
   at MongoDB.Driver.MongoCollectionImpl`1.MongoIndexManager.CreateMany(IClientSessionHandle session, IEnumerable`1 models, CreateManyIndexesOptions options, CancellationToken cancellationToken)
   at MongoDB.Driver.MongoCollectionImpl`1.MongoIndexManager.<>c__DisplayClass9_0.<CreateMany>b__0(IClientSessionHandle session)
   at MongoDB.Driver.MongoCollectionImpl`1.UsingImplicitSession[TResult](Func`2 func, CancellationToken cancellationToken)
   at MongoDB.Driver.MongoCollectionImpl`1.MongoIndexManager.CreateMany(IEnumerable`1 models, CreateManyIndexesOptions options, CancellationToken cancellationToken)
   at MongoDB.Driver.MongoIndexManagerBase`1.CreateOne(CreateIndexModel`1 model, CreateOneIndexOptions options, CancellationToken cancellationToken)
   at ZahSellerAI.Infrastructure.MongoDB.MongoDbContext.CreateIndexes() in C:\Users\Mathi\OneDrive\Desktop\ZAH APP\services\api\src\Infrastructure\MongoDB\MongoDbContext.cs:line 39
   at ZahSellerAI.Infrastructure.MongoDB.MongoDbContext..ctor(IOptions`1 settings) in C:\Users\Mathi\OneDrive\Desktop\ZAH APP\services\api\src\Infrastructure\MongoDB\MongoDbContext.cs:line 20
   at InvokeStub_MongoDbContext..ctor(Object, Span`1)
   at System.Reflection.MethodBaseInvoker.InvokeWithOneArg(Object obj, BindingFlags invokeAttr, Binder binder, Object[] parameters, CultureInfo culture)
   at System.Reflection.RuntimeConstructorInfo.Invoke(BindingFlags invokeAttr, Binder binder, Object[] parameters, CultureInfo culture)
   at Microsoft.Extensions.DependencyInjection.ServiceLookup.CallSiteRuntimeResolver.VisitConstructor(ConstructorCallSite constructorCallSite, RuntimeResolverContext context)
   at Microsoft.Extensions.DependencyInjection.ServiceLookup.CallSiteRuntimeResolver.VisitRootCache(ServiceCallSite callSite, RuntimeResolverContext context)
   at Microsoft.Extensions.DependencyInjection.ServiceLookup.CallSiteRuntimeResolver.VisitConstructor(ConstructorCallSite constructorCallSite, RuntimeResolverContext context)
   at Microsoft.Extensions.DependencyInjection.ServiceLookup.CallSiteRuntimeResolver.VisitCache(ServiceCallSite callSite, RuntimeResolverContext context, ServiceProviderEngineScope serviceProviderEngine, RuntimeResolverLock lockType)
   at Microsoft.Extensions.DependencyInjection.ServiceLookup.CallSiteRuntimeResolver.VisitScopeCache(ServiceCallSite callSite, RuntimeResolverContext context)
   at Microsoft.Extensions.DependencyInjection.ServiceLookup.CallSiteRuntimeResolver.Resolve(ServiceCallSite callSite, ServiceProviderEngineScope scope)
   at Microsoft.Extensions.DependencyInjection.ServiceLookup.DynamicServiceProviderEngine.<>c__DisplayClass2_0.<RealizeService>b__0(ServiceProviderEngineScope scope)
   at Microsoft.Extensions.DependencyInjection.ServiceProvider.GetService(ServiceIdentifier serviceIdentifier, ServiceProviderEngineScope serviceProviderEngineScope)
   at Microsoft.Extensions.DependencyInjection.ServiceLookup.ServiceProviderEngineScope.GetService(Type serviceType)
   at lambda_method34(Closure, IServiceProvider, Object[])
   at Microsoft.AspNetCore.Mvc.Controllers.ControllerFactoryProvider.<>c__DisplayClass6_0.<CreateControllerFactory>g__CreateController|0(ControllerContext controllerContext)
   at Microsoft.AspNetCore.Mvc.Infrastructure.ControllerActionInvoker.Next(State& next, Scope& scope, Object& state, Boolean& isCompleted)
   at Microsoft.AspNetCore.Mvc.Infrastructure.ControllerActionInvoker.InvokeInnerFilterAsync()
--- End of stack trace from previous location ---
   at Microsoft.AspNetCore.Mvc.Infrastructure.ResourceInvoker.<InvokeFilterPipelineAsync>g__Awaited|20_0(ResourceInvoker invoker, Task lastTask, State next, Scope scope, Object state, Boolean isCompleted)
   at Microsoft.AspNetCore.Mvc.Infrastructure.ResourceInvoker.<InvokeAsync>g__Awaited|17_0(ResourceInvoker invoker, Task task, IDisposable scope)
   at Microsoft.AspNetCore.Mvc.Infrastructure.ResourceInvoker.<InvokeAsync>g__Awaited|17_0(ResourceInvoker invoker, Task task, IDisposable scope)
   at Microsoft.AspNetCore.Authorization.AuthorizationMiddleware.Invoke(HttpContext context)
   at Microsoft.AspNetCore.Authentication.AuthenticationMiddleware.Invoke(HttpContext context)
   at Serilog.AspNetCore.RequestLoggingMiddleware.Invoke(HttpContext httpContext)
2026-09-04 18:13:34.143 +05:30 [ERR] An unhandled exception has occurred while executing the request.
System.TimeoutException: A timeout occurred after 30000ms selecting a server using CompositeServerSelector{ Selectors = WritableServerSelector, LatencyLimitingServerSelector{ AllowedLatencyRange = 00:00:00.0150000 }, OperationsCountServerSelector }. Client view of cluster state is { ClusterId : "1", Type : "Unknown", State : "Disconnected", Servers : [{ ServerId: "{ ClusterId : 1, EndPoint : "Unspecified/localhost:27017" }", EndPoint: "Unspecified/localhost:27017", ReasonChanged: "Heartbeat", State: "Disconnected", ServerVersion: , TopologyVersion: , Type: "Unknown", HeartbeatException: "MongoDB.Driver.MongoConnectionException: An exception occurred while opening a connection to the server.
 ---> System.Net.Sockets.SocketException (10061): No connection could be made because the target machine actively refused it. [::1]:27017
   at System.Net.Sockets.Socket.DoConnect(EndPoint endPointSnapshot, SocketAddress socketAddress)
   at System.Net.Sockets.Socket.Connect(EndPoint remoteEP)
   at MongoDB.Driver.Core.Connections.TcpStreamFactory.Connect(Socket socket, EndPoint endPoint, CancellationToken cancellationToken)
   at MongoDB.Driver.Core.Connections.TcpStreamFactory.CreateStream(EndPoint endPoint, CancellationToken cancellationToken)
   at MongoDB.Driver.Core.Connections.BinaryConnection.OpenHelper(CancellationToken cancellationToken)
   --- End of inner exception stack trace ---
   at MongoDB.Driver.Core.Connections.BinaryConnection.OpenHelper(CancellationToken cancellationToken)
   at MongoDB.Driver.Core.Connections.BinaryConnection.Open(CancellationToken cancellationToken)
   at MongoDB.Driver.Core.Servers.ServerMonitor.InitializeConnection(CancellationToken cancellationToken)
   at MongoDB.Driver.Core.Servers.ServerMonitor.Heartbeat(CancellationToken cancellationToken)", LastHeartbeatTimestamp: "2026-09-04T12:43:32.5087588Z", LastUpdateTimestamp: "2026-09-04T12:43:32.5087603Z" }] }.
   at MongoDB.Driver.Core.Clusters.Cluster.ThrowTimeoutException(IServerSelector selector, ClusterDescription description)
   at MongoDB.Driver.Core.Clusters.Cluster.WaitForDescriptionChangedHelper.HandleCompletedTask(Task completedTask)
   at MongoDB.Driver.Core.Clusters.Cluster.WaitForDescriptionChanged(IServerSelector selector, ClusterDescription description, Task descriptionChangedTask, TimeSpan timeout, CancellationToken cancellationToken)
   at MongoDB.Driver.Core.Clusters.Cluster.SelectServer(IServerSelector selector, CancellationToken cancellationToken)
   at MongoDB.Driver.Core.Clusters.IClusterExtensions.SelectServerAndPinIfNeeded(ICluster cluster, ICoreSessionHandle session, IServerSelector selector, CancellationToken cancellationToken)
   at MongoDB.Driver.Core.Bindings.WritableServerBinding.GetWriteChannelSource(CancellationToken cancellationToken)
   at MongoDB.Driver.Core.Bindings.ReadWriteBindingHandle.GetWriteChannelSource(CancellationToken cancellationToken)
   at MongoDB.Driver.Core.Operations.CreateIndexesOperation.Execute(IWriteBinding binding, CancellationToken cancellationToken)
   at MongoDB.Driver.OperationExecutor.ExecuteWriteOperation[TResult](IWriteBinding binding, IWriteOperation`1 operation, CancellationToken cancellationToken)
   at MongoDB.Driver.MongoCollectionImpl`1.ExecuteWriteOperation[TResult](IClientSessionHandle session, IWriteOperation`1 operation, CancellationToken cancellationToken)
   at MongoDB.Driver.MongoCollectionImpl`1.MongoIndexManager.CreateMany(IClientSessionHandle session, IEnumerable`1 models, CreateManyIndexesOptions options, CancellationToken cancellationToken)
   at MongoDB.Driver.MongoCollectionImpl`1.MongoIndexManager.<>c__DisplayClass9_0.<CreateMany>b__0(IClientSessionHandle session)
   at MongoDB.Driver.MongoCollectionImpl`1.UsingImplicitSession[TResult](Func`2 func, CancellationToken cancellationToken)
   at MongoDB.Driver.MongoCollectionImpl`1.MongoIndexManager.CreateMany(IEnumerable`1 models, CreateManyIndexesOptions options, CancellationToken cancellationToken)
   at MongoDB.Driver.MongoIndexManagerBase`1.CreateOne(CreateIndexModel`1 model, CreateOneIndexOptions options, CancellationToken cancellationToken)
   at ZahSellerAI.Infrastructure.MongoDB.MongoDbContext.CreateIndexes() in C:\Users\Mathi\OneDrive\Desktop\ZAH APP\services\api\src\Infrastructure\MongoDB\MongoDbContext.cs:line 39
   at ZahSellerAI.Infrastructure.MongoDB.MongoDbContext..ctor(IOptions`1 settings) in C:\Users\Mathi\OneDrive\Desktop\ZAH APP\services\api\src\Infrastructure\MongoDB\MongoDbContext.cs:line 20
   at InvokeStub_MongoDbContext..ctor(Object, Span`1)
   at System.Reflection.MethodBaseInvoker.InvokeWithOneArg(Object obj, BindingFlags invokeAttr, Binder binder, Object[] parameters, CultureInfo culture)
   at System.Reflection.RuntimeConstructorInfo.Invoke(BindingFlags invokeAttr, Binder binder, Object[] parameters, CultureInfo culture)
   at Microsoft.Extensions.DependencyInjection.ServiceLookup.CallSiteRuntimeResolver.VisitConstructor(ConstructorCallSite constructorCallSite, RuntimeResolverContext context)
   at Microsoft.Extensions.DependencyInjection.ServiceLookup.CallSiteRuntimeResolver.VisitRootCache(ServiceCallSite callSite, RuntimeResolverContext context)
   at Microsoft.Extensions.DependencyInjection.ServiceLookup.CallSiteRuntimeResolver.VisitConstructor(ConstructorCallSite constructorCallSite, RuntimeResolverContext context)
   at Microsoft.Extensions.DependencyInjection.ServiceLookup.CallSiteRuntimeResolver.VisitCache(ServiceCallSite callSite, RuntimeResolverContext context, ServiceProviderEngineScope serviceProviderEngine, RuntimeResolverLock lockType)
   at Microsoft.Extensions.DependencyInjection.ServiceLookup.CallSiteRuntimeResolver.VisitScopeCache(ServiceCallSite callSite, RuntimeResolverContext context)
   at Microsoft.Extensions.DependencyInjection.ServiceLookup.CallSiteRuntimeResolver.Resolve(ServiceCallSite callSite, ServiceProviderEngineScope scope)
   at Microsoft.Extensions.DependencyInjection.ServiceLookup.DynamicServiceProviderEngine.<>c__DisplayClass2_0.<RealizeService>b__0(ServiceProviderEngineScope scope)
   at Microsoft.Extensions.DependencyInjection.ServiceProvider.GetService(ServiceIdentifier serviceIdentifier, ServiceProviderEngineScope serviceProviderEngineScope)
   at Microsoft.Extensions.DependencyInjection.ServiceLookup.ServiceProviderEngineScope.GetService(Type serviceType)
   at lambda_method34(Closure, IServiceProvider, Object[])
   at Microsoft.AspNetCore.Mvc.Controllers.ControllerFactoryProvider.<>c__DisplayClass6_0.<CreateControllerFactory>g__CreateController|0(ControllerContext controllerContext)
   at Microsoft.AspNetCore.Mvc.Infrastructure.ControllerActionInvoker.Next(State& next, Scope& scope, Object& state, Boolean& isCompleted)
   at Microsoft.AspNetCore.Mvc.Infrastructure.ControllerActionInvoker.InvokeInnerFilterAsync()
--- End of stack trace from previous location ---
   at Microsoft.AspNetCore.Mvc.Infrastructure.ResourceInvoker.<InvokeFilterPipelineAsync>g__Awaited|20_0(ResourceInvoker invoker, Task lastTask, State next, Scope scope, Object state, Boolean isCompleted)
   at Microsoft.AspNetCore.Mvc.Infrastructure.ResourceInvoker.<InvokeAsync>g__Awaited|17_0(ResourceInvoker invoker, Task task, IDisposable scope)
   at Microsoft.AspNetCore.Mvc.Infrastructure.ResourceInvoker.<InvokeAsync>g__Awaited|17_0(ResourceInvoker invoker, Task task, IDisposable scope)
   at Microsoft.AspNetCore.Authorization.AuthorizationMiddleware.Invoke(HttpContext context)
   at Microsoft.AspNetCore.Authentication.AuthenticationMiddleware.Invoke(HttpContext context)
   at Serilog.AspNetCore.RequestLoggingMiddleware.Invoke(HttpContext httpContext)
   at Swashbuckle.AspNetCore.SwaggerUI.SwaggerUIMiddleware.Invoke(HttpContext httpContext)
   at Swashbuckle.AspNetCore.Swagger.SwaggerMiddleware.Invoke(HttpContext httpContext, ISwaggerProvider swaggerProvider)
   at Microsoft.AspNetCore.Diagnostics.DeveloperExceptionPageMiddlewareImpl.Invoke(HttpContext context)
2026-09-04 18:21:45.199 +05:30 [INF] Application is shutting down...
2026-09-04 18:24:47.187 +05:30 [INF] Starting ZAH Seller AI API
2026-09-04 18:24:47.369 +05:30 [WRN] The WebRootPath was not found: C:\Users\Mathi\OneDrive\Desktop\ZAH APP\services\api\src\API\wwwroot. Static files may be unavailable.
2026-09-04 18:24:47.484 +05:30 [INF] Now listening on: http://0.0.0.0:5000
2026-09-04 18:24:47.489 +05:30 [INF] Application started. Press Ctrl+C to shut down.
2026-09-04 18:24:47.492 +05:30 [INF] Hosting environment: Development
2026-09-04 18:24:47.494 +05:30 [INF] Content root path: C:\Users\Mathi\OneDrive\Desktop\ZAH APP\services\api\src\API
2026-09-04 18:25:43.417 +05:30 [WRN] Failed to determine the https port for redirect.
2026-09-04 18:25:43.427 +05:30 [INF] HTTP OPTIONS /api/v1/auth/login responded 204 in 11.1101 ms
2026-09-04 18:26:13.014 +05:30 [INF] HTTP OPTIONS /api/v1/products responded 204 in 0.5327 ms
2026-09-04 18:26:13.042 +05:30 [INF] HTTP GET /api/v1/products responded 401 in 22.7617 ms
2026-09-04 18:26:13.052 +05:30 [INF] HTTP OPTIONS /api/v1/auth/refresh responded 204 in 0.0641 ms
2026-09-04 18:26:13.860 +05:30 [ERR] HTTP POST /api/v1/auth/login responded 500 in 30405.7325 ms
System.TimeoutException: A timeout occurred after 30000ms selecting a server using CompositeServerSelector{ Selectors = WritableServerSelector, LatencyLimitingServerSelector{ AllowedLatencyRange = 00:00:00.0150000 }, OperationsCountServerSelector }. Client view of cluster state is { ClusterId : "1", Type : "Unknown", State : "Disconnected", Servers : [{ ServerId: "{ ClusterId : 1, EndPoint : "Unspecified/localhost:27017" }", EndPoint: "Unspecified/localhost:27017", ReasonChanged: "Heartbeat", State: "Disconnected", ServerVersion: , TopologyVersion: , Type: "Unknown", HeartbeatException: "MongoDB.Driver.MongoConnectionException: An exception occurred while opening a connection to the server.
 ---> System.Net.Sockets.SocketException (10061): No connection could be made because the target machine actively refused it. [::1]:27017
   at System.Net.Sockets.Socket.DoConnect(EndPoint endPointSnapshot, SocketAddress socketAddress)
   at System.Net.Sockets.Socket.Connect(EndPoint remoteEP)
   at MongoDB.Driver.Core.Connections.TcpStreamFactory.Connect(Socket socket, EndPoint endPoint, CancellationToken cancellationToken)
   at MongoDB.Driver.Core.Connections.TcpStreamFactory.CreateStream(EndPoint endPoint, CancellationToken cancellationToken)
   at MongoDB.Driver.Core.Connections.BinaryConnection.OpenHelper(CancellationToken cancellationToken)
   --- End of inner exception stack trace ---
   at MongoDB.Driver.Core.Connections.BinaryConnection.OpenHelper(CancellationToken cancellationToken)
   at MongoDB.Driver.Core.Connections.BinaryConnection.Open(CancellationToken cancellationToken)
   at MongoDB.Driver.Core.Servers.ServerMonitor.InitializeConnection(CancellationToken cancellationToken)
   at MongoDB.Driver.Core.Servers.ServerMonitor.Heartbeat(CancellationToken cancellationToken)", LastHeartbeatTimestamp: "2026-09-04T12:56:10.7379733Z", LastUpdateTimestamp: "2026-09-04T12:56:10.7379758Z" }] }.
   at MongoDB.Driver.Core.Clusters.Cluster.ThrowTimeoutException(IServerSelector selector, ClusterDescription description)
   at MongoDB.Driver.Core.Clusters.Cluster.WaitForDescriptionChangedHelper.HandleCompletedTask(Task completedTask)
   at MongoDB.Driver.Core.Clusters.Cluster.WaitForDescriptionChanged(IServerSelector selector, ClusterDescription description, Task descriptionChangedTask, TimeSpan timeout, CancellationToken cancellationToken)
   at MongoDB.Driver.Core.Clusters.Cluster.SelectServer(IServerSelector selector, CancellationToken cancellationToken)
   at MongoDB.Driver.Core.Clusters.IClusterExtensions.SelectServerAndPinIfNeeded(ICluster cluster, ICoreSessionHandle session, IServerSelector selector, CancellationToken cancellationToken)
   at MongoDB.Driver.Core.Bindings.WritableServerBinding.GetWriteChannelSource(CancellationToken cancellationToken)
   at MongoDB.Driver.Core.Bindings.ReadWriteBindingHandle.GetWriteChannelSource(CancellationToken cancellationToken)
   at MongoDB.Driver.Core.Operations.CreateIndexesOperation.Execute(IWriteBinding binding, CancellationToken cancellationToken)
   at MongoDB.Driver.OperationExecutor.ExecuteWriteOperation[TResult](IWriteBinding binding, IWriteOperation`1 operation, CancellationToken cancellationToken)
   at MongoDB.Driver.MongoCollectionImpl`1.ExecuteWriteOperation[TResult](IClientSessionHandle session, IWriteOperation`1 operation, CancellationToken cancellationToken)
   at MongoDB.Driver.MongoCollectionImpl`1.MongoIndexManager.CreateMany(IClientSessionHandle session, IEnumerable`1 models, CreateManyIndexesOptions options, CancellationToken cancellationToken)
   at MongoDB.Driver.MongoCollectionImpl`1.MongoIndexManager.<>c__DisplayClass9_0.<CreateMany>b__0(IClientSessionHandle session)
   at MongoDB.Driver.MongoCollectionImpl`1.UsingImplicitSession[TResult](Func`2 func, CancellationToken cancellationToken)
   at MongoDB.Driver.MongoCollectionImpl`1.MongoIndexManager.CreateMany(IEnumerable`1 models, CreateManyIndexesOptions options, CancellationToken cancellationToken)
   at MongoDB.Driver.MongoIndexManagerBase`1.CreateOne(CreateIndexModel`1 model, CreateOneIndexOptions options, CancellationToken cancellationToken)
   at ZahSellerAI.Infrastructure.MongoDB.MongoDbContext.CreateIndexes() in C:\Users\Mathi\OneDrive\Desktop\ZAH APP\services\api\src\Infrastructure\MongoDB\MongoDbContext.cs:line 39
   at ZahSellerAI.Infrastructure.MongoDB.MongoDbContext..ctor(IOptions`1 settings) in C:\Users\Mathi\OneDrive\Desktop\ZAH APP\services\api\src\Infrastructure\MongoDB\MongoDbContext.cs:line 20
   at System.Reflection.MethodBaseInvoker.InterpretedInvoke_Constructor(Object obj, IntPtr* args)
   at System.Reflection.MethodBaseInvoker.InvokeDirectByRefWithFewArgs(Object obj, Span`1 copyOfArgs, BindingFlags invokeAttr)
   at System.Reflection.MethodBaseInvoker.InvokeWithOneArg(Object obj, BindingFlags invokeAttr, Binder binder, Object[] parameters, CultureInfo culture)
   at System.Reflection.RuntimeConstructorInfo.Invoke(BindingFlags invokeAttr, Binder binder, Object[] parameters, CultureInfo culture)
   at Microsoft.Extensions.DependencyInjection.ServiceLookup.CallSiteRuntimeResolver.VisitConstructor(ConstructorCallSite constructorCallSite, RuntimeResolverContext context)
   at Microsoft.Extensions.DependencyInjection.ServiceLookup.CallSiteRuntimeResolver.VisitRootCache(ServiceCallSite callSite, RuntimeResolverContext context)
   at Microsoft.Extensions.DependencyInjection.ServiceLookup.CallSiteVisitor`2.VisitCallSite(ServiceCallSite callSite, TArgument argument)
   at Microsoft.Extensions.DependencyInjection.ServiceLookup.CallSiteRuntimeResolver.VisitConstructor(ConstructorCallSite constructorCallSite, RuntimeResolverContext context)
   at Microsoft.Extensions.DependencyInjection.ServiceLookup.CallSiteRuntimeResolver.VisitCache(ServiceCallSite callSite, RuntimeResolverContext context, ServiceProviderEngineScope serviceProviderEngine, RuntimeResolverLock lockType)
   at Microsoft.Extensions.DependencyInjection.ServiceLookup.CallSiteRuntimeResolver.VisitScopeCache(ServiceCallSite callSite, RuntimeResolverContext context)
   at Microsoft.Extensions.DependencyInjection.ServiceLookup.CallSiteVisitor`2.VisitCallSite(ServiceCallSite callSite, TArgument argument)
   at Microsoft.Extensions.DependencyInjection.ServiceLookup.CallSiteRuntimeResolver.Resolve(ServiceCallSite callSite, ServiceProviderEngineScope scope)
   at Microsoft.Extensions.DependencyInjection.ServiceLookup.DynamicServiceProviderEngine.<>c__DisplayClass2_0.<RealizeService>b__0(ServiceProviderEngineScope scope)
   at Microsoft.Extensions.DependencyInjection.ServiceProvider.GetService(ServiceIdentifier serviceIdentifier, ServiceProviderEngineScope serviceProviderEngineScope)
   at Microsoft.Extensions.DependencyInjection.ServiceLookup.ServiceProviderEngineScope.GetService(Type serviceType)
   at lambda_method26(Closure, IServiceProvider, Object[])
   at Microsoft.AspNetCore.Mvc.Controllers.ControllerFactoryProvider.<>c__DisplayClass6_0.<CreateControllerFactory>g__CreateController|0(ControllerContext controllerContext)
   at Microsoft.AspNetCore.Mvc.Infrastructure.ControllerActionInvoker.Next(State& next, Scope& scope, Object& state, Boolean& isCompleted)
   at Microsoft.AspNetCore.Mvc.Infrastructure.ControllerActionInvoker.InvokeInnerFilterAsync()
--- End of stack trace from previous location ---
   at Microsoft.AspNetCore.Mvc.Infrastructure.ResourceInvoker.<InvokeFilterPipelineAsync>g__Awaited|20_0(ResourceInvoker invoker, Task lastTask, State next, Scope scope, Object state, Boolean isCompleted)
   at Microsoft.AspNetCore.Mvc.Infrastructure.ResourceInvoker.<InvokeAsync>g__Awaited|17_0(ResourceInvoker invoker, Task task, IDisposable scope)
   at Microsoft.AspNetCore.Mvc.Infrastructure.ResourceInvoker.<InvokeAsync>g__Awaited|17_0(ResourceInvoker invoker, Task task, IDisposable scope)
   at Microsoft.AspNetCore.Authorization.AuthorizationMiddleware.Invoke(HttpContext context)
   at Microsoft.AspNetCore.Authentication.AuthenticationMiddleware.Invoke(HttpContext context)
   at Serilog.AspNetCore.RequestLoggingMiddleware.Invoke(HttpContext httpContext)
2026-09-04 18:26:13.888 +05:30 [ERR] An unhandled exception has occurred while executing the request.
System.TimeoutException: A timeout occurred after 30000ms selecting a server using CompositeServerSelector{ Selectors = WritableServerSelector, LatencyLimitingServerSelector{ AllowedLatencyRange = 00:00:00.0150000 }, OperationsCountServerSelector }. Client view of cluster state is { ClusterId : "1", Type : "Unknown", State : "Disconnected", Servers : [{ ServerId: "{ ClusterId : 1, EndPoint : "Unspecified/localhost:27017" }", EndPoint: "Unspecified/localhost:27017", ReasonChanged: "Heartbeat", State: "Disconnected", ServerVersion: , TopologyVersion: , Type: "Unknown", HeartbeatException: "MongoDB.Driver.MongoConnectionException: An exception occurred while opening a connection to the server.
 ---> System.Net.Sockets.SocketException (10061): No connection could be made because the target machine actively refused it. [::1]:27017
   at System.Net.Sockets.Socket.DoConnect(EndPoint endPointSnapshot, SocketAddress socketAddress)
   at System.Net.Sockets.Socket.Connect(EndPoint remoteEP)
   at MongoDB.Driver.Core.Connections.TcpStreamFactory.Connect(Socket socket, EndPoint endPoint, CancellationToken cancellationToken)
   at MongoDB.Driver.Core.Connections.TcpStreamFactory.CreateStream(EndPoint endPoint, CancellationToken cancellationToken)
   at MongoDB.Driver.Core.Connections.BinaryConnection.OpenHelper(CancellationToken cancellationToken)
   --- End of inner exception stack trace ---
   at MongoDB.Driver.Core.Connections.BinaryConnection.OpenHelper(CancellationToken cancellationToken)
   at MongoDB.Driver.Core.Connections.BinaryConnection.Open(CancellationToken cancellationToken)
   at MongoDB.Driver.Core.Servers.ServerMonitor.InitializeConnection(CancellationToken cancellationToken)
   at MongoDB.Driver.Core.Servers.ServerMonitor.Heartbeat(CancellationToken cancellationToken)", LastHeartbeatTimestamp: "2026-09-04T12:56:10.7379733Z", LastUpdateTimestamp: "2026-09-04T12:56:10.7379758Z" }] }.
   at MongoDB.Driver.Core.Clusters.Cluster.ThrowTimeoutException(IServerSelector selector, ClusterDescription description)
   at MongoDB.Driver.Core.Clusters.Cluster.WaitForDescriptionChangedHelper.HandleCompletedTask(Task completedTask)
   at MongoDB.Driver.Core.Clusters.Cluster.WaitForDescriptionChanged(IServerSelector selector, ClusterDescription description, Task descriptionChangedTask, TimeSpan timeout, CancellationToken cancellationToken)
   at MongoDB.Driver.Core.Clusters.Cluster.SelectServer(IServerSelector selector, CancellationToken cancellationToken)
   at MongoDB.Driver.Core.Clusters.IClusterExtensions.SelectServerAndPinIfNeeded(ICluster cluster, ICoreSessionHandle session, IServerSelector selector, CancellationToken cancellationToken)
   at MongoDB.Driver.Core.Bindings.WritableServerBinding.GetWriteChannelSource(CancellationToken cancellationToken)
   at MongoDB.Driver.Core.Bindings.ReadWriteBindingHandle.GetWriteChannelSource(CancellationToken cancellationToken)
   at MongoDB.Driver.Core.Operations.CreateIndexesOperation.Execute(IWriteBinding binding, CancellationToken cancellationToken)
   at MongoDB.Driver.OperationExecutor.ExecuteWriteOperation[TResult](IWriteBinding binding, IWriteOperation`1 operation, CancellationToken cancellationToken)
   at MongoDB.Driver.MongoCollectionImpl`1.ExecuteWriteOperation[TResult](IClientSessionHandle session, IWriteOperation`1 operation, CancellationToken cancellationToken)
   at MongoDB.Driver.MongoCollectionImpl`1.MongoIndexManager.CreateMany(IClientSessionHandle session, IEnumerable`1 models, CreateManyIndexesOptions options, CancellationToken cancellationToken)
   at MongoDB.Driver.MongoCollectionImpl`1.MongoIndexManager.<>c__DisplayClass9_0.<CreateMany>b__0(IClientSessionHandle session)
   at MongoDB.Driver.MongoCollectionImpl`1.UsingImplicitSession[TResult](Func`2 func, CancellationToken cancellationToken)
   at MongoDB.Driver.MongoCollectionImpl`1.MongoIndexManager.CreateMany(IEnumerable`1 models, CreateManyIndexesOptions options, CancellationToken cancellationToken)
   at MongoDB.Driver.MongoIndexManagerBase`1.CreateOne(CreateIndexModel`1 model, CreateOneIndexOptions options, CancellationToken cancellationToken)
   at ZahSellerAI.Infrastructure.MongoDB.MongoDbContext.CreateIndexes() in C:\Users\Mathi\OneDrive\Desktop\ZAH APP\services\api\src\Infrastructure\MongoDB\MongoDbContext.cs:line 39
   at ZahSellerAI.Infrastructure.MongoDB.MongoDbContext..ctor(IOptions`1 settings) in C:\Users\Mathi\OneDrive\Desktop\ZAH APP\services\api\src\Infrastructure\MongoDB\MongoDbContext.cs:line 20
   at System.Reflection.MethodBaseInvoker.InterpretedInvoke_Constructor(Object obj, IntPtr* args)
   at System.Reflection.MethodBaseInvoker.InvokeDirectByRefWithFewArgs(Object obj, Span`1 copyOfArgs, BindingFlags invokeAttr)
   at System.Reflection.MethodBaseInvoker.InvokeWithOneArg(Object obj, BindingFlags invokeAttr, Binder binder, Object[] parameters, CultureInfo culture)
   at System.Reflection.RuntimeConstructorInfo.Invoke(BindingFlags invokeAttr, Binder binder, Object[] parameters, CultureInfo culture)
   at Microsoft.Extensions.DependencyInjection.ServiceLookup.CallSiteRuntimeResolver.VisitConstructor(ConstructorCallSite constructorCallSite, RuntimeResolverContext context)
   at Microsoft.Extensions.DependencyInjection.ServiceLookup.CallSiteRuntimeResolver.VisitRootCache(ServiceCallSite callSite, RuntimeResolverContext context)
   at Microsoft.Extensions.DependencyInjection.ServiceLookup.CallSiteVisitor`2.VisitCallSite(ServiceCallSite callSite, TArgument argument)
   at Microsoft.Extensions.DependencyInjection.ServiceLookup.CallSiteRuntimeResolver.VisitConstructor(ConstructorCallSite constructorCallSite, RuntimeResolverContext context)
   at Microsoft.Extensions.DependencyInjection.ServiceLookup.CallSiteRuntimeResolver.VisitCache(ServiceCallSite callSite, RuntimeResolverContext context, ServiceProviderEngineScope serviceProviderEngine, RuntimeResolverLock lockType)
   at Microsoft.Extensions.DependencyInjection.ServiceLookup.CallSiteRuntimeResolver.VisitScopeCache(ServiceCallSite callSite, RuntimeResolverContext context)
   at Microsoft.Extensions.DependencyInjection.ServiceLookup.CallSiteVisitor`2.VisitCallSite(ServiceCallSite callSite, TArgument argument)
   at Microsoft.Extensions.DependencyInjection.ServiceLookup.CallSiteRuntimeResolver.Resolve(ServiceCallSite callSite, ServiceProviderEngineScope scope)
   at Microsoft.Extensions.DependencyInjection.ServiceLookup.DynamicServiceProviderEngine.<>c__DisplayClass2_0.<RealizeService>b__0(ServiceProviderEngineScope scope)
   at Microsoft.Extensions.DependencyInjection.ServiceProvider.GetService(ServiceIdentifier serviceIdentifier, ServiceProviderEngineScope serviceProviderEngineScope)
   at Microsoft.Extensions.DependencyInjection.ServiceLookup.ServiceProviderEngineScope.GetService(Type serviceType)
   at lambda_method26(Closure, IServiceProvider, Object[])
   at Microsoft.AspNetCore.Mvc.Controllers.ControllerFactoryProvider.<>c__DisplayClass6_0.<CreateControllerFactory>g__CreateController|0(ControllerContext controllerContext)
   at Microsoft.AspNetCore.Mvc.Infrastructure.ControllerActionInvoker.Next(State& next, Scope& scope, Object& state, Boolean& isCompleted)
   at Microsoft.AspNetCore.Mvc.Infrastructure.ControllerActionInvoker.InvokeInnerFilterAsync()
--- End of stack trace from previous location ---
   at Microsoft.AspNetCore.Mvc.Infrastructure.ResourceInvoker.<InvokeFilterPipelineAsync>g__Awaited|20_0(ResourceInvoker invoker, Task lastTask, State next, Scope scope, Object state, Boolean isCompleted)
   at Microsoft.AspNetCore.Mvc.Infrastructure.ResourceInvoker.<InvokeAsync>g__Awaited|17_0(ResourceInvoker invoker, Task task, IDisposable scope)
   at Microsoft.AspNetCore.Mvc.Infrastructure.ResourceInvoker.<InvokeAsync>g__Awaited|17_0(ResourceInvoker invoker, Task task, IDisposable scope)
   at Microsoft.AspNetCore.Authorization.AuthorizationMiddleware.Invoke(HttpContext context)
   at Microsoft.AspNetCore.Authentication.AuthenticationMiddleware.Invoke(HttpContext context)
   at Serilog.AspNetCore.RequestLoggingMiddleware.Invoke(HttpContext httpContext)
   at Swashbuckle.AspNetCore.SwaggerUI.SwaggerUIMiddleware.Invoke(HttpContext httpContext)
   at Swashbuckle.AspNetCore.Swagger.SwaggerMiddleware.Invoke(HttpContext httpContext, ISwaggerProvider swaggerProvider)
   at Microsoft.AspNetCore.Diagnostics.DeveloperExceptionPageMiddlewareImpl.Invoke(HttpContext context)
2026-09-04 18:26:43.869 +05:30 [ERR] HTTP POST /api/v1/auth/refresh responded 500 in 30813.7486 ms
System.TimeoutException: A timeout occurred after 30000ms selecting a server using CompositeServerSelector{ Selectors = WritableServerSelector, LatencyLimitingServerSelector{ AllowedLatencyRange = 00:00:00.0150000 }, OperationsCountServerSelector }. Client view of cluster state is { ClusterId : "1", Type : "Unknown", State : "Disconnected", Servers : [{ ServerId: "{ ClusterId : 1, EndPoint : "Unspecified/localhost:27017" }", EndPoint: "Unspecified/localhost:27017", ReasonChanged: "Heartbeat", State: "Disconnected", ServerVersion: , TopologyVersion: , Type: "Unknown", HeartbeatException: "MongoDB.Driver.MongoConnectionException: An exception occurred while opening a connection to the server.
 ---> System.Net.Sockets.SocketException (10061): No connection could be made because the target machine actively refused it. [::1]:27017
   at System.Net.Sockets.Socket.DoConnect(EndPoint endPointSnapshot, SocketAddress socketAddress)
   at System.Net.Sockets.Socket.Connect(EndPoint remoteEP)
   at MongoDB.Driver.Core.Connections.TcpStreamFactory.Connect(Socket socket, EndPoint endPoint, CancellationToken cancellationToken)
   at MongoDB.Driver.Core.Connections.TcpStreamFactory.CreateStream(EndPoint endPoint, CancellationToken cancellationToken)
   at MongoDB.Driver.Core.Connections.BinaryConnection.OpenHelper(CancellationToken cancellationToken)
   --- End of inner exception stack trace ---
   at MongoDB.Driver.Core.Connections.BinaryConnection.OpenHelper(CancellationToken cancellationToken)
   at MongoDB.Driver.Core.Connections.BinaryConnection.Open(CancellationToken cancellationToken)
   at MongoDB.Driver.Core.Servers.ServerMonitor.InitializeConnection(CancellationToken cancellationToken)
   at MongoDB.Driver.Core.Servers.ServerMonitor.Heartbeat(CancellationToken cancellationToken)", LastHeartbeatTimestamp: "2026-09-04T12:56:42.3818900Z", LastUpdateTimestamp: "2026-09-04T12:56:42.3818915Z" }] }.
   at MongoDB.Driver.Core.Clusters.Cluster.ThrowTimeoutException(IServerSelector selector, ClusterDescription description)
   at MongoDB.Driver.Core.Clusters.Cluster.WaitForDescriptionChangedHelper.HandleCompletedTask(Task completedTask)
   at MongoDB.Driver.Core.Clusters.Cluster.WaitForDescriptionChanged(IServerSelector selector, ClusterDescription description, Task descriptionChangedTask, TimeSpan timeout, CancellationToken cancellationToken)
   at MongoDB.Driver.Core.Clusters.Cluster.SelectServer(IServerSelector selector, CancellationToken cancellationToken)
   at MongoDB.Driver.Core.Clusters.IClusterExtensions.SelectServerAndPinIfNeeded(ICluster cluster, ICoreSessionHandle session, IServerSelector selector, CancellationToken cancellationToken)
   at MongoDB.Driver.Core.Bindings.WritableServerBinding.GetWriteChannelSource(CancellationToken cancellationToken)
   at MongoDB.Driver.Core.Bindings.ReadWriteBindingHandle.GetWriteChannelSource(CancellationToken cancellationToken)
   at MongoDB.Driver.Core.Operations.CreateIndexesOperation.Execute(IWriteBinding binding, CancellationToken cancellationToken)
   at MongoDB.Driver.OperationExecutor.ExecuteWriteOperation[TResult](IWriteBinding binding, IWriteOperation`1 operation, CancellationToken cancellationToken)
   at MongoDB.Driver.MongoCollectionImpl`1.ExecuteWriteOperation[TResult](IClientSessionHandle session, IWriteOperation`1 operation, CancellationToken cancellationToken)
   at MongoDB.Driver.MongoCollectionImpl`1.MongoIndexManager.CreateMany(IClientSessionHandle session, IEnumerable`1 models, CreateManyIndexesOptions options, CancellationToken cancellationToken)
   at MongoDB.Driver.MongoCollectionImpl`1.MongoIndexManager.<>c__DisplayClass9_0.<CreateMany>b__0(IClientSessionHandle session)
   at MongoDB.Driver.MongoCollectionImpl`1.UsingImplicitSession[TResult](Func`2 func, CancellationToken cancellationToken)
   at MongoDB.Driver.MongoCollectionImpl`1.MongoIndexManager.CreateMany(IEnumerable`1 models, CreateManyIndexesOptions options, CancellationToken cancellationToken)
   at MongoDB.Driver.MongoIndexManagerBase`1.CreateOne(CreateIndexModel`1 model, CreateOneIndexOptions options, CancellationToken cancellationToken)
   at ZahSellerAI.Infrastructure.MongoDB.MongoDbContext.CreateIndexes() in C:\Users\Mathi\OneDrive\Desktop\ZAH APP\services\api\src\Infrastructure\MongoDB\MongoDbContext.cs:line 39
   at ZahSellerAI.Infrastructure.MongoDB.MongoDbContext..ctor(IOptions`1 settings) in C:\Users\Mathi\OneDrive\Desktop\ZAH APP\services\api\src\Infrastructure\MongoDB\MongoDbContext.cs:line 20
   at InvokeStub_MongoDbContext..ctor(Object, Span`1)
   at System.Reflection.MethodBaseInvoker.InvokeWithOneArg(Object obj, BindingFlags invokeAttr, Binder binder, Object[] parameters, CultureInfo culture)
   at System.Reflection.RuntimeConstructorInfo.Invoke(BindingFlags invokeAttr, Binder binder, Object[] parameters, CultureInfo culture)
   at Microsoft.Extensions.DependencyInjection.ServiceLookup.CallSiteRuntimeResolver.VisitConstructor(ConstructorCallSite constructorCallSite, RuntimeResolverContext context)
   at Microsoft.Extensions.DependencyInjection.ServiceLookup.CallSiteRuntimeResolver.VisitRootCache(ServiceCallSite callSite, RuntimeResolverContext context)
   at Microsoft.Extensions.DependencyInjection.ServiceLookup.CallSiteRuntimeResolver.VisitConstructor(ConstructorCallSite constructorCallSite, RuntimeResolverContext context)
   at Microsoft.Extensions.DependencyInjection.ServiceLookup.CallSiteRuntimeResolver.VisitCache(ServiceCallSite callSite, RuntimeResolverContext context, ServiceProviderEngineScope serviceProviderEngine, RuntimeResolverLock lockType)
   at Microsoft.Extensions.DependencyInjection.ServiceLookup.CallSiteRuntimeResolver.VisitScopeCache(ServiceCallSite callSite, RuntimeResolverContext context)
   at Microsoft.Extensions.DependencyInjection.ServiceLookup.CallSiteRuntimeResolver.Resolve(ServiceCallSite callSite, ServiceProviderEngineScope scope)
   at Microsoft.Extensions.DependencyInjection.ServiceLookup.DynamicServiceProviderEngine.<>c__DisplayClass2_0.<RealizeService>b__0(ServiceProviderEngineScope scope)
   at Microsoft.Extensions.DependencyInjection.ServiceProvider.GetService(ServiceIdentifier serviceIdentifier, ServiceProviderEngineScope serviceProviderEngineScope)
   at Microsoft.Extensions.DependencyInjection.ServiceLookup.ServiceProviderEngineScope.GetService(Type serviceType)
   at lambda_method34(Closure, IServiceProvider, Object[])
   at Microsoft.AspNetCore.Mvc.Controllers.ControllerFactoryProvider.<>c__DisplayClass6_0.<CreateControllerFactory>g__CreateController|0(ControllerContext controllerContext)
   at Microsoft.AspNetCore.Mvc.Infrastructure.ControllerActionInvoker.Next(State& next, Scope& scope, Object& state, Boolean& isCompleted)
   at Microsoft.AspNetCore.Mvc.Infrastructure.ControllerActionInvoker.InvokeInnerFilterAsync()
--- End of stack trace from previous location ---
   at Microsoft.AspNetCore.Mvc.Infrastructure.ResourceInvoker.<InvokeFilterPipelineAsync>g__Awaited|20_0(ResourceInvoker invoker, Task lastTask, State next, Scope scope, Object state, Boolean isCompleted)
   at Microsoft.AspNetCore.Mvc.Infrastructure.ResourceInvoker.<InvokeAsync>g__Awaited|17_0(ResourceInvoker invoker, Task task, IDisposable scope)
   at Microsoft.AspNetCore.Mvc.Infrastructure.ResourceInvoker.<InvokeAsync>g__Awaited|17_0(ResourceInvoker invoker, Task task, IDisposable scope)
   at Microsoft.AspNetCore.Authorization.AuthorizationMiddleware.Invoke(HttpContext context)
   at Microsoft.AspNetCore.Authentication.AuthenticationMiddleware.Invoke(HttpContext context)
   at Serilog.AspNetCore.RequestLoggingMiddleware.Invoke(HttpContext httpContext)
2026-09-04 18:26:43.884 +05:30 [ERR] An unhandled exception has occurred while executing the request.
System.TimeoutException: A timeout occurred after 30000ms selecting a server using CompositeServerSelector{ Selectors = WritableServerSelector, LatencyLimitingServerSelector{ AllowedLatencyRange = 00:00:00.0150000 }, OperationsCountServerSelector }. Client view of cluster state is { ClusterId : "1", Type : "Unknown", State : "Disconnected", Servers : [{ ServerId: "{ ClusterId : 1, EndPoint : "Unspecified/localhost:27017" }", EndPoint: "Unspecified/localhost:27017", ReasonChanged: "Heartbeat", State: "Disconnected", ServerVersion: , TopologyVersion: , Type: "Unknown", HeartbeatException: "MongoDB.Driver.MongoConnectionException: An exception occurred while opening a connection to the server.
 ---> System.Net.Sockets.SocketException (10061): No connection could be made because the target machine actively refused it. [::1]:27017
   at System.Net.Sockets.Socket.DoConnect(EndPoint endPointSnapshot, SocketAddress socketAddress)
   at System.Net.Sockets.Socket.Connect(EndPoint remoteEP)
   at MongoDB.Driver.Core.Connections.TcpStreamFactory.Connect(Socket socket, EndPoint endPoint, CancellationToken cancellationToken)
   at MongoDB.Driver.Core.Connections.TcpStreamFactory.CreateStream(EndPoint endPoint, CancellationToken cancellationToken)
   at MongoDB.Driver.Core.Connections.BinaryConnection.OpenHelper(CancellationToken cancellationToken)
   --- End of inner exception stack trace ---
   at MongoDB.Driver.Core.Connections.BinaryConnection.OpenHelper(CancellationToken cancellationToken)
   at MongoDB.Driver.Core.Connections.BinaryConnection.Open(CancellationToken cancellationToken)
   at MongoDB.Driver.Core.Servers.ServerMonitor.InitializeConnection(CancellationToken cancellationToken)
   at MongoDB.Driver.Core.Servers.ServerMonitor.Heartbeat(CancellationToken cancellationToken)", LastHeartbeatTimestamp: "2026-09-04T12:56:42.3818900Z", LastUpdateTimestamp: "2026-09-04T12:56:42.3818915Z" }] }.
   at MongoDB.Driver.Core.Clusters.Cluster.ThrowTimeoutException(IServerSelector selector, ClusterDescription description)
   at MongoDB.Driver.Core.Clusters.Cluster.WaitForDescriptionChangedHelper.HandleCompletedTask(Task completedTask)
   at MongoDB.Driver.Core.Clusters.Cluster.WaitForDescriptionChanged(IServerSelector selector, ClusterDescription description, Task descriptionChangedTask, TimeSpan timeout, CancellationToken cancellationToken)
   at MongoDB.Driver.Core.Clusters.Cluster.SelectServer(IServerSelector selector, CancellationToken cancellationToken)
   at MongoDB.Driver.Core.Clusters.IClusterExtensions.SelectServerAndPinIfNeeded(ICluster cluster, ICoreSessionHandle session, IServerSelector selector, CancellationToken cancellationToken)
   at MongoDB.Driver.Core.Bindings.WritableServerBinding.GetWriteChannelSource(CancellationToken cancellationToken)
   at MongoDB.Driver.Core.Bindings.ReadWriteBindingHandle.GetWriteChannelSource(CancellationToken cancellationToken)
   at MongoDB.Driver.Core.Operations.CreateIndexesOperation.Execute(IWriteBinding binding, CancellationToken cancellationToken)
   at MongoDB.Driver.OperationExecutor.ExecuteWriteOperation[TResult](IWriteBinding binding, IWriteOperation`1 operation, CancellationToken cancellationToken)
   at MongoDB.Driver.MongoCollectionImpl`1.ExecuteWriteOperation[TResult](IClientSessionHandle session, IWriteOperation`1 operation, CancellationToken cancellationToken)
   at MongoDB.Driver.MongoCollectionImpl`1.MongoIndexManager.CreateMany(IClientSessionHandle session, IEnumerable`1 models, CreateManyIndexesOptions options, CancellationToken cancellationToken)
   at MongoDB.Driver.MongoCollectionImpl`1.MongoIndexManager.<>c__DisplayClass9_0.<CreateMany>b__0(IClientSessionHandle session)
   at MongoDB.Driver.MongoCollectionImpl`1.UsingImplicitSession[TResult](Func`2 func, CancellationToken cancellationToken)
   at MongoDB.Driver.MongoCollectionImpl`1.MongoIndexManager.CreateMany(IEnumerable`1 models, CreateManyIndexesOptions options, CancellationToken cancellationToken)
   at MongoDB.Driver.MongoIndexManagerBase`1.CreateOne(CreateIndexModel`1 model, CreateOneIndexOptions options, CancellationToken cancellationToken)
   at ZahSellerAI.Infrastructure.MongoDB.MongoDbContext.CreateIndexes() in C:\Users\Mathi\OneDrive\Desktop\ZAH APP\services\api\src\Infrastructure\MongoDB\MongoDbContext.cs:line 39
   at ZahSellerAI.Infrastructure.MongoDB.MongoDbContext..ctor(IOptions`1 settings) in C:\Users\Mathi\OneDrive\Desktop\ZAH APP\services\api\src\Infrastructure\MongoDB\MongoDbContext.cs:line 20
   at InvokeStub_MongoDbContext..ctor(Object, Span`1)
   at System.Reflection.MethodBaseInvoker.InvokeWithOneArg(Object obj, BindingFlags invokeAttr, Binder binder, Object[] parameters, CultureInfo culture)
   at System.Reflection.RuntimeConstructorInfo.Invoke(BindingFlags invokeAttr, Binder binder, Object[] parameters, CultureInfo culture)
   at Microsoft.Extensions.DependencyInjection.ServiceLookup.CallSiteRuntimeResolver.VisitConstructor(ConstructorCallSite constructorCallSite, RuntimeResolverContext context)
   at Microsoft.Extensions.DependencyInjection.ServiceLookup.CallSiteRuntimeResolver.VisitRootCache(ServiceCallSite callSite, RuntimeResolverContext context)
   at Microsoft.Extensions.DependencyInjection.ServiceLookup.CallSiteRuntimeResolver.VisitConstructor(ConstructorCallSite constructorCallSite, RuntimeResolverContext context)
   at Microsoft.Extensions.DependencyInjection.ServiceLookup.CallSiteRuntimeResolver.VisitCache(ServiceCallSite callSite, RuntimeResolverContext context, ServiceProviderEngineScope serviceProviderEngine, RuntimeResolverLock lockType)
   at Microsoft.Extensions.DependencyInjection.ServiceLookup.CallSiteRuntimeResolver.VisitScopeCache(ServiceCallSite callSite, RuntimeResolverContext context)
   at Microsoft.Extensions.DependencyInjection.ServiceLookup.CallSiteRuntimeResolver.Resolve(ServiceCallSite callSite, ServiceProviderEngineScope scope)
   at Microsoft.Extensions.DependencyInjection.ServiceLookup.DynamicServiceProviderEngine.<>c__DisplayClass2_0.<RealizeService>b__0(ServiceProviderEngineScope scope)
   at Microsoft.Extensions.DependencyInjection.ServiceProvider.GetService(ServiceIdentifier serviceIdentifier, ServiceProviderEngineScope serviceProviderEngineScope)
   at Microsoft.Extensions.DependencyInjection.ServiceLookup.ServiceProviderEngineScope.GetService(Type serviceType)
   at lambda_method34(Closure, IServiceProvider, Object[])
   at Microsoft.AspNetCore.Mvc.Controllers.ControllerFactoryProvider.<>c__DisplayClass6_0.<CreateControllerFactory>g__CreateController|0(ControllerContext controllerContext)
   at Microsoft.AspNetCore.Mvc.Infrastructure.ControllerActionInvoker.Next(State& next, Scope& scope, Object& state, Boolean& isCompleted)
   at Microsoft.AspNetCore.Mvc.Infrastructure.ControllerActionInvoker.InvokeInnerFilterAsync()
--- End of stack trace from previous location ---
   at Microsoft.AspNetCore.Mvc.Infrastructure.ResourceInvoker.<InvokeFilterPipelineAsync>g__Awaited|20_0(ResourceInvoker invoker, Task lastTask, State next, Scope scope, Object state, Boolean isCompleted)
   at Microsoft.AspNetCore.Mvc.Infrastructure.ResourceInvoker.<InvokeAsync>g__Awaited|17_0(ResourceInvoker invoker, Task task, IDisposable scope)
   at Microsoft.AspNetCore.Mvc.Infrastructure.ResourceInvoker.<InvokeAsync>g__Awaited|17_0(ResourceInvoker invoker, Task task, IDisposable scope)
   at Microsoft.AspNetCore.Authorization.AuthorizationMiddleware.Invoke(HttpContext context)
   at Microsoft.AspNetCore.Authentication.AuthenticationMiddleware.Invoke(HttpContext context)
   at Serilog.AspNetCore.RequestLoggingMiddleware.Invoke(HttpContext httpContext)
   at Swashbuckle.AspNetCore.SwaggerUI.SwaggerUIMiddleware.Invoke(HttpContext httpContext)
   at Swashbuckle.AspNetCore.Swagger.SwaggerMiddleware.Invoke(HttpContext httpContext, ISwaggerProvider swaggerProvider)
   at Microsoft.AspNetCore.Diagnostics.DeveloperExceptionPageMiddlewareImpl.Invoke(HttpContext context)
2026-09-04 18:28:01.203 +05:30 [INF] HTTP POST /api/v1/products/6a9ac04a667a9c2607b3f060/publish responded 401 in 3.1787 ms
2026-09-04 18:48:19.155 +05:30 [INF] Application is shutting down...
2026-09-04 18:48:34.795 +05:30 [INF] Starting ZAH Seller AI API
2026-09-04 18:48:34.931 +05:30 [WRN] The WebRootPath was not found: C:\Users\Mathi\OneDrive\Desktop\ZAH APP\services\api\src\API\wwwroot. Static files may be unavailable.
2026-09-04 18:48:34.974 +05:30 [INF] Now listening on: http://0.0.0.0:5000
2026-09-04 18:48:34.978 +05:30 [INF] Application started. Press Ctrl+C to shut down.
2026-09-04 18:48:34.979 +05:30 [INF] Hosting environment: Development
2026-09-04 18:48:34.980 +05:30 [INF] Content root path: C:\Users\Mathi\OneDrive\Desktop\ZAH APP\services\api\src\API
2026-09-04 18:49:51.451 +05:30 [WRN] Failed to determine the https port for redirect.
2026-09-04 18:49:51.460 +05:30 [INF] HTTP OPTIONS /api/v1/auth/login responded 204 in 10.4157 ms
2026-09-04 18:50:21.349 +05:30 [INF] HTTP OPTIONS /api/v1/products responded 204 in 0.9546 ms
2026-09-04 18:50:21.416 +05:30 [INF] HTTP GET /api/v1/products responded 401 in 54.9312 ms
2026-09-04 18:50:21.451 +05:30 [INF] HTTP OPTIONS /api/v1/auth/refresh responded 204 in 0.1021 ms
2026-09-04 18:50:21.891 +05:30 [ERR] HTTP POST /api/v1/auth/login responded 500 in 30406.1424 ms
System.TimeoutException: A timeout occurred after 30000ms selecting a server using CompositeServerSelector{ Selectors = WritableServerSelector, LatencyLimitingServerSelector{ AllowedLatencyRange = 00:00:00.0150000 }, OperationsCountServerSelector }. Client view of cluster state is { ClusterId : "1", Type : "Unknown", State : "Disconnected", Servers : [{ ServerId: "{ ClusterId : 1, EndPoint : "Unspecified/localhost:27017" }", EndPoint: "Unspecified/localhost:27017", ReasonChanged: "Heartbeat", State: "Disconnected", ServerVersion: , TopologyVersion: , Type: "Unknown", HeartbeatException: "MongoDB.Driver.MongoConnectionException: An exception occurred while opening a connection to the server.
 ---> System.Net.Sockets.SocketException (10061): No connection could be made because the target machine actively refused it. [::1]:27017
   at System.Net.Sockets.Socket.DoConnect(EndPoint endPointSnapshot, SocketAddress socketAddress)
   at System.Net.Sockets.Socket.Connect(EndPoint remoteEP)
   at MongoDB.Driver.Core.Connections.TcpStreamFactory.Connect(Socket socket, EndPoint endPoint, CancellationToken cancellationToken)
   at MongoDB.Driver.Core.Connections.TcpStreamFactory.CreateStream(EndPoint endPoint, CancellationToken cancellationToken)
   at MongoDB.Driver.Core.Connections.BinaryConnection.OpenHelper(CancellationToken cancellationToken)
   --- End of inner exception stack trace ---
   at MongoDB.Driver.Core.Connections.BinaryConnection.OpenHelper(CancellationToken cancellationToken)
   at MongoDB.Driver.Core.Connections.BinaryConnection.Open(CancellationToken cancellationToken)
   at MongoDB.Driver.Core.Servers.ServerMonitor.InitializeConnection(CancellationToken cancellationToken)
   at MongoDB.Driver.Core.Servers.ServerMonitor.Heartbeat(CancellationToken cancellationToken)", LastHeartbeatTimestamp: "2026-09-04T13:20:18.6775661Z", LastUpdateTimestamp: "2026-09-04T13:20:18.6775677Z" }] }.
   at MongoDB.Driver.Core.Clusters.Cluster.ThrowTimeoutException(IServerSelector selector, ClusterDescription description)
   at MongoDB.Driver.Core.Clusters.Cluster.WaitForDescriptionChangedHelper.HandleCompletedTask(Task completedTask)
   at MongoDB.Driver.Core.Clusters.Cluster.WaitForDescriptionChanged(IServerSelector selector, ClusterDescription description, Task descriptionChangedTask, TimeSpan timeout, CancellationToken cancellationToken)
   at MongoDB.Driver.Core.Clusters.Cluster.SelectServer(IServerSelector selector, CancellationToken cancellationToken)
   at MongoDB.Driver.Core.Clusters.IClusterExtensions.SelectServerAndPinIfNeeded(ICluster cluster, ICoreSessionHandle session, IServerSelector selector, CancellationToken cancellationToken)
   at MongoDB.Driver.Core.Bindings.WritableServerBinding.GetWriteChannelSource(CancellationToken cancellationToken)
   at MongoDB.Driver.Core.Bindings.ReadWriteBindingHandle.GetWriteChannelSource(CancellationToken cancellationToken)
   at MongoDB.Driver.Core.Operations.CreateIndexesOperation.Execute(IWriteBinding binding, CancellationToken cancellationToken)
   at MongoDB.Driver.OperationExecutor.ExecuteWriteOperation[TResult](IWriteBinding binding, IWriteOperation`1 operation, CancellationToken cancellationToken)
   at MongoDB.Driver.MongoCollectionImpl`1.ExecuteWriteOperation[TResult](IClientSessionHandle session, IWriteOperation`1 operation, CancellationToken cancellationToken)
   at MongoDB.Driver.MongoCollectionImpl`1.MongoIndexManager.CreateMany(IClientSessionHandle session, IEnumerable`1 models, CreateManyIndexesOptions options, CancellationToken cancellationToken)
   at MongoDB.Driver.MongoCollectionImpl`1.MongoIndexManager.<>c__DisplayClass9_0.<CreateMany>b__0(IClientSessionHandle session)
   at MongoDB.Driver.MongoCollectionImpl`1.UsingImplicitSession[TResult](Func`2 func, CancellationToken cancellationToken)
   at MongoDB.Driver.MongoCollectionImpl`1.MongoIndexManager.CreateMany(IEnumerable`1 models, CreateManyIndexesOptions options, CancellationToken cancellationToken)
   at MongoDB.Driver.MongoIndexManagerBase`1.CreateOne(CreateIndexModel`1 model, CreateOneIndexOptions options, CancellationToken cancellationToken)
   at ZahSellerAI.Infrastructure.MongoDB.MongoDbContext.CreateIndexes() in C:\Users\Mathi\OneDrive\Desktop\ZAH APP\services\api\src\Infrastructure\MongoDB\MongoDbContext.cs:line 39
   at ZahSellerAI.Infrastructure.MongoDB.MongoDbContext..ctor(IOptions`1 settings) in C:\Users\Mathi\OneDrive\Desktop\ZAH APP\services\api\src\Infrastructure\MongoDB\MongoDbContext.cs:line 20
   at System.Reflection.MethodBaseInvoker.InterpretedInvoke_Constructor(Object obj, IntPtr* args)
   at System.Reflection.MethodBaseInvoker.InvokeDirectByRefWithFewArgs(Object obj, Span`1 copyOfArgs, BindingFlags invokeAttr)
   at System.Reflection.MethodBaseInvoker.InvokeWithOneArg(Object obj, BindingFlags invokeAttr, Binder binder, Object[] parameters, CultureInfo culture)
   at System.Reflection.RuntimeConstructorInfo.Invoke(BindingFlags invokeAttr, Binder binder, Object[] parameters, CultureInfo culture)
   at Microsoft.Extensions.DependencyInjection.ServiceLookup.CallSiteRuntimeResolver.VisitConstructor(ConstructorCallSite constructorCallSite, RuntimeResolverContext context)
   at Microsoft.Extensions.DependencyInjection.ServiceLookup.CallSiteRuntimeResolver.VisitRootCache(ServiceCallSite callSite, RuntimeResolverContext context)
   at Microsoft.Extensions.DependencyInjection.ServiceLookup.CallSiteVisitor`2.VisitCallSite(ServiceCallSite callSite, TArgument argument)
   at Microsoft.Extensions.DependencyInjection.ServiceLookup.CallSiteRuntimeResolver.VisitConstructor(ConstructorCallSite constructorCallSite, RuntimeResolverContext context)
   at Microsoft.Extensions.DependencyInjection.ServiceLookup.CallSiteRuntimeResolver.VisitCache(ServiceCallSite callSite, RuntimeResolverContext context, ServiceProviderEngineScope serviceProviderEngine, RuntimeResolverLock lockType)
   at Microsoft.Extensions.DependencyInjection.ServiceLookup.CallSiteRuntimeResolver.VisitScopeCache(ServiceCallSite callSite, RuntimeResolverContext context)
   at Microsoft.Extensions.DependencyInjection.ServiceLookup.CallSiteVisitor`2.VisitCallSite(ServiceCallSite callSite, TArgument argument)
   at Microsoft.Extensions.DependencyInjection.ServiceLookup.CallSiteRuntimeResolver.Resolve(ServiceCallSite callSite, ServiceProviderEngineScope scope)
   at Microsoft.Extensions.DependencyInjection.ServiceLookup.DynamicServiceProviderEngine.<>c__DisplayClass2_0.<RealizeService>b__0(ServiceProviderEngineScope scope)
   at Microsoft.Extensions.DependencyInjection.ServiceProvider.GetService(ServiceIdentifier serviceIdentifier, ServiceProviderEngineScope serviceProviderEngineScope)
   at Microsoft.Extensions.DependencyInjection.ServiceLookup.ServiceProviderEngineScope.GetService(Type serviceType)
   at lambda_method26(Closure, IServiceProvider, Object[])
   at Microsoft.AspNetCore.Mvc.Controllers.ControllerFactoryProvider.<>c__DisplayClass6_0.<CreateControllerFactory>g__CreateController|0(ControllerContext controllerContext)
   at Microsoft.AspNetCore.Mvc.Infrastructure.ControllerActionInvoker.Next(State& next, Scope& scope, Object& state, Boolean& isCompleted)
   at Microsoft.AspNetCore.Mvc.Infrastructure.ControllerActionInvoker.InvokeInnerFilterAsync()
--- End of stack trace from previous location ---
   at Microsoft.AspNetCore.Mvc.Infrastructure.ResourceInvoker.<InvokeFilterPipelineAsync>g__Awaited|20_0(ResourceInvoker invoker, Task lastTask, State next, Scope scope, Object state, Boolean isCompleted)
   at Microsoft.AspNetCore.Mvc.Infrastructure.ResourceInvoker.<InvokeAsync>g__Awaited|17_0(ResourceInvoker invoker, Task task, IDisposable scope)
   at Microsoft.AspNetCore.Mvc.Infrastructure.ResourceInvoker.<InvokeAsync>g__Awaited|17_0(ResourceInvoker invoker, Task task, IDisposable scope)
   at Microsoft.AspNetCore.Authorization.AuthorizationMiddleware.Invoke(HttpContext context)
   at Microsoft.AspNetCore.Authentication.AuthenticationMiddleware.Invoke(HttpContext context)
   at Serilog.AspNetCore.RequestLoggingMiddleware.Invoke(HttpContext httpContext)
2026-09-04 18:50:21.918 +05:30 [ERR] An unhandled exception has occurred while executing the request.
System.TimeoutException: A timeout occurred after 30000ms selecting a server using CompositeServerSelector{ Selectors = WritableServerSelector, LatencyLimitingServerSelector{ AllowedLatencyRange = 00:00:00.0150000 }, OperationsCountServerSelector }. Client view of cluster state is { ClusterId : "1", Type : "Unknown", State : "Disconnected", Servers : [{ ServerId: "{ ClusterId : 1, EndPoint : "Unspecified/localhost:27017" }", EndPoint: "Unspecified/localhost:27017", ReasonChanged: "Heartbeat", State: "Disconnected", ServerVersion: , TopologyVersion: , Type: "Unknown", HeartbeatException: "MongoDB.Driver.MongoConnectionException: An exception occurred while opening a connection to the server.
 ---> System.Net.Sockets.SocketException (10061): No connection could be made because the target machine actively refused it. [::1]:27017
   at System.Net.Sockets.Socket.DoConnect(EndPoint endPointSnapshot, SocketAddress socketAddress)
   at System.Net.Sockets.Socket.Connect(EndPoint remoteEP)
   at MongoDB.Driver.Core.Connections.TcpStreamFactory.Connect(Socket socket, EndPoint endPoint, CancellationToken cancellationToken)
   at MongoDB.Driver.Core.Connections.TcpStreamFactory.CreateStream(EndPoint endPoint, CancellationToken cancellationToken)
   at MongoDB.Driver.Core.Connections.BinaryConnection.OpenHelper(CancellationToken cancellationToken)
   --- End of inner exception stack trace ---
   at MongoDB.Driver.Core.Connections.BinaryConnection.OpenHelper(CancellationToken cancellationToken)
   at MongoDB.Driver.Core.Connections.BinaryConnection.Open(CancellationToken cancellationToken)
   at MongoDB.Driver.Core.Servers.ServerMonitor.InitializeConnection(CancellationToken cancellationToken)
   at MongoDB.Driver.Core.Servers.ServerMonitor.Heartbeat(CancellationToken cancellationToken)", LastHeartbeatTimestamp: "2026-09-04T13:20:18.6775661Z", LastUpdateTimestamp: "2026-09-04T13:20:18.6775677Z" }] }.
   at MongoDB.Driver.Core.Clusters.Cluster.ThrowTimeoutException(IServerSelector selector, ClusterDescription description)
   at MongoDB.Driver.Core.Clusters.Cluster.WaitForDescriptionChangedHelper.HandleCompletedTask(Task completedTask)
   at MongoDB.Driver.Core.Clusters.Cluster.WaitForDescriptionChanged(IServerSelector selector, ClusterDescription description, Task descriptionChangedTask, TimeSpan timeout, CancellationToken cancellationToken)
   at MongoDB.Driver.Core.Clusters.Cluster.SelectServer(IServerSelector selector, CancellationToken cancellationToken)
   at MongoDB.Driver.Core.Clusters.IClusterExtensions.SelectServerAndPinIfNeeded(ICluster cluster, ICoreSessionHandle session, IServerSelector selector, CancellationToken cancellationToken)
   at MongoDB.Driver.Core.Bindings.WritableServerBinding.GetWriteChannelSource(CancellationToken cancellationToken)
   at MongoDB.Driver.Core.Bindings.ReadWriteBindingHandle.GetWriteChannelSource(CancellationToken cancellationToken)
   at MongoDB.Driver.Core.Operations.CreateIndexesOperation.Execute(IWriteBinding binding, CancellationToken cancellationToken)
   at MongoDB.Driver.OperationExecutor.ExecuteWriteOperation[TResult](IWriteBinding binding, IWriteOperation`1 operation, CancellationToken cancellationToken)
   at MongoDB.Driver.MongoCollectionImpl`1.ExecuteWriteOperation[TResult](IClientSessionHandle session, IWriteOperation`1 operation, CancellationToken cancellationToken)
   at MongoDB.Driver.MongoCollectionImpl`1.MongoIndexManager.CreateMany(IClientSessionHandle session, IEnumerable`1 models, CreateManyIndexesOptions options, CancellationToken cancellationToken)
   at MongoDB.Driver.MongoCollectionImpl`1.MongoIndexManager.<>c__DisplayClass9_0.<CreateMany>b__0(IClientSessionHandle session)
   at MongoDB.Driver.MongoCollectionImpl`1.UsingImplicitSession[TResult](Func`2 func, CancellationToken cancellationToken)
   at MongoDB.Driver.MongoCollectionImpl`1.MongoIndexManager.CreateMany(IEnumerable`1 models, CreateManyIndexesOptions options, CancellationToken cancellationToken)
   at MongoDB.Driver.MongoIndexManagerBase`1.CreateOne(CreateIndexModel`1 model, CreateOneIndexOptions options, CancellationToken cancellationToken)
   at ZahSellerAI.Infrastructure.MongoDB.MongoDbContext.CreateIndexes() in C:\Users\Mathi\OneDrive\Desktop\ZAH APP\services\api\src\Infrastructure\MongoDB\MongoDbContext.cs:line 39
   at ZahSellerAI.Infrastructure.MongoDB.MongoDbContext..ctor(IOptions`1 settings) in C:\Users\Mathi\OneDrive\Desktop\ZAH APP\services\api\src\Infrastructure\MongoDB\MongoDbContext.cs:line 20
   at System.Reflection.MethodBaseInvoker.InterpretedInvoke_Constructor(Object obj, IntPtr* args)
   at System.Reflection.MethodBaseInvoker.InvokeDirectByRefWithFewArgs(Object obj, Span`1 copyOfArgs, BindingFlags invokeAttr)
   at System.Reflection.MethodBaseInvoker.InvokeWithOneArg(Object obj, BindingFlags invokeAttr, Binder binder, Object[] parameters, CultureInfo culture)
   at System.Reflection.RuntimeConstructorInfo.Invoke(BindingFlags invokeAttr, Binder binder, Object[] parameters, CultureInfo culture)
   at Microsoft.Extensions.DependencyInjection.ServiceLookup.CallSiteRuntimeResolver.VisitConstructor(ConstructorCallSite constructorCallSite, RuntimeResolverContext context)
   at Microsoft.Extensions.DependencyInjection.ServiceLookup.CallSiteRuntimeResolver.VisitRootCache(ServiceCallSite callSite, RuntimeResolverContext context)
   at Microsoft.Extensions.DependencyInjection.ServiceLookup.CallSiteVisitor`2.VisitCallSite(ServiceCallSite callSite, TArgument argument)
   at Microsoft.Extensions.DependencyInjection.ServiceLookup.CallSiteRuntimeResolver.VisitConstructor(ConstructorCallSite constructorCallSite, RuntimeResolverContext context)
   at Microsoft.Extensions.DependencyInjection.ServiceLookup.CallSiteRuntimeResolver.VisitCache(ServiceCallSite callSite, RuntimeResolverContext context, ServiceProviderEngineScope serviceProviderEngine, RuntimeResolverLock lockType)
   at Microsoft.Extensions.DependencyInjection.ServiceLookup.CallSiteRuntimeResolver.VisitScopeCache(ServiceCallSite callSite, RuntimeResolverContext context)
   at Microsoft.Extensions.DependencyInjection.ServiceLookup.CallSiteVisitor`2.VisitCallSite(ServiceCallSite callSite, TArgument argument)
   at Microsoft.Extensions.DependencyInjection.ServiceLookup.CallSiteRuntimeResolver.Resolve(ServiceCallSite callSite, ServiceProviderEngineScope scope)
   at Microsoft.Extensions.DependencyInjection.ServiceLookup.DynamicServiceProviderEngine.<>c__DisplayClass2_0.<RealizeService>b__0(ServiceProviderEngineScope scope)
   at Microsoft.Extensions.DependencyInjection.ServiceProvider.GetService(ServiceIdentifier serviceIdentifier, ServiceProviderEngineScope serviceProviderEngineScope)
   at Microsoft.Extensions.DependencyInjection.ServiceLookup.ServiceProviderEngineScope.GetService(Type serviceType)
   at lambda_method26(Closure, IServiceProvider, Object[])
   at Microsoft.AspNetCore.Mvc.Controllers.ControllerFactoryProvider.<>c__DisplayClass6_0.<CreateControllerFactory>g__CreateController|0(ControllerContext controllerContext)
   at Microsoft.AspNetCore.Mvc.Infrastructure.ControllerActionInvoker.Next(State& next, Scope& scope, Object& state, Boolean& isCompleted)
   at Microsoft.AspNetCore.Mvc.Infrastructure.ControllerActionInvoker.InvokeInnerFilterAsync()
--- End of stack trace from previous location ---
   at Microsoft.AspNetCore.Mvc.Infrastructure.ResourceInvoker.<InvokeFilterPipelineAsync>g__Awaited|20_0(ResourceInvoker invoker, Task lastTask, State next, Scope scope, Object state, Boolean isCompleted)
   at Microsoft.AspNetCore.Mvc.Infrastructure.ResourceInvoker.<InvokeAsync>g__Awaited|17_0(ResourceInvoker invoker, Task task, IDisposable scope)
   at Microsoft.AspNetCore.Mvc.Infrastructure.ResourceInvoker.<InvokeAsync>g__Awaited|17_0(ResourceInvoker invoker, Task task, IDisposable scope)
   at Microsoft.AspNetCore.Authorization.AuthorizationMiddleware.Invoke(HttpContext context)
   at Microsoft.AspNetCore.Authentication.AuthenticationMiddleware.Invoke(HttpContext context)
   at Serilog.AspNetCore.RequestLoggingMiddleware.Invoke(HttpContext httpContext)
   at Swashbuckle.AspNetCore.SwaggerUI.SwaggerUIMiddleware.Invoke(HttpContext httpContext)
   at Swashbuckle.AspNetCore.Swagger.SwaggerMiddleware.Invoke(HttpContext httpContext, ISwaggerProvider swaggerProvider)
   at Microsoft.AspNetCore.Diagnostics.DeveloperExceptionPageMiddlewareImpl.Invoke(HttpContext context)
2026-09-04 18:50:51.902 +05:30 [ERR] HTTP POST /api/v1/auth/refresh responded 500 in 30437.0754 ms
System.TimeoutException: A timeout occurred after 30000ms selecting a server using CompositeServerSelector{ Selectors = WritableServerSelector, LatencyLimitingServerSelector{ AllowedLatencyRange = 00:00:00.0150000 }, OperationsCountServerSelector }. Client view of cluster state is { ClusterId : "1", Type : "Unknown", State : "Disconnected", Servers : [{ ServerId: "{ ClusterId : 1, EndPoint : "Unspecified/localhost:27017" }", EndPoint: "Unspecified/localhost:27017", ReasonChanged: "Heartbeat", State: "Disconnected", ServerVersion: , TopologyVersion: , Type: "Unknown", HeartbeatException: "MongoDB.Driver.MongoConnectionException: An exception occurred while opening a connection to the server.
 ---> System.Net.Sockets.SocketException (10061): No connection could be made because the target machine actively refused it. [::1]:27017
   at System.Net.Sockets.Socket.DoConnect(EndPoint endPointSnapshot, SocketAddress socketAddress)
   at System.Net.Sockets.Socket.Connect(EndPoint remoteEP)
   at MongoDB.Driver.Core.Connections.TcpStreamFactory.Connect(Socket socket, EndPoint endPoint, CancellationToken cancellationToken)
   at MongoDB.Driver.Core.Connections.TcpStreamFactory.CreateStream(EndPoint endPoint, CancellationToken cancellationToken)
   at MongoDB.Driver.Core.Connections.BinaryConnection.OpenHelper(CancellationToken cancellationToken)
   --- End of inner exception stack trace ---
   at MongoDB.Driver.Core.Connections.BinaryConnection.OpenHelper(CancellationToken cancellationToken)
   at MongoDB.Driver.Core.Connections.BinaryConnection.Open(CancellationToken cancellationToken)
   at MongoDB.Driver.Core.Servers.ServerMonitor.InitializeConnection(CancellationToken cancellationToken)
   at MongoDB.Driver.Core.Servers.ServerMonitor.Heartbeat(CancellationToken cancellationToken)", LastHeartbeatTimestamp: "2026-09-04T13:20:50.3892044Z", LastUpdateTimestamp: "2026-09-04T13:20:50.3892067Z" }] }.
   at MongoDB.Driver.Core.Clusters.Cluster.ThrowTimeoutException(IServerSelector selector, ClusterDescription description)
   at MongoDB.Driver.Core.Clusters.Cluster.WaitForDescriptionChangedHelper.HandleCompletedTask(Task completedTask)
   at MongoDB.Driver.Core.Clusters.Cluster.WaitForDescriptionChanged(IServerSelector selector, ClusterDescription description, Task descriptionChangedTask, TimeSpan timeout, CancellationToken cancellationToken)
   at MongoDB.Driver.Core.Clusters.Cluster.SelectServer(IServerSelector selector, CancellationToken cancellationToken)
   at MongoDB.Driver.Core.Clusters.IClusterExtensions.SelectServerAndPinIfNeeded(ICluster cluster, ICoreSessionHandle session, IServerSelector selector, CancellationToken cancellationToken)
   at MongoDB.Driver.Core.Bindings.WritableServerBinding.GetWriteChannelSource(CancellationToken cancellationToken)
   at MongoDB.Driver.Core.Bindings.ReadWriteBindingHandle.GetWriteChannelSource(CancellationToken cancellationToken)
   at MongoDB.Driver.Core.Operations.CreateIndexesOperation.Execute(IWriteBinding binding, CancellationToken cancellationToken)
   at MongoDB.Driver.OperationExecutor.ExecuteWriteOperation[TResult](IWriteBinding binding, IWriteOperation`1 operation, CancellationToken cancellationToken)
   at MongoDB.Driver.MongoCollectionImpl`1.ExecuteWriteOperation[TResult](IClientSessionHandle session, IWriteOperation`1 operation, CancellationToken cancellationToken)
   at MongoDB.Driver.MongoCollectionImpl`1.MongoIndexManager.CreateMany(IClientSessionHandle session, IEnumerable`1 models, CreateManyIndexesOptions options, CancellationToken cancellationToken)
   at MongoDB.Driver.MongoCollectionImpl`1.MongoIndexManager.<>c__DisplayClass9_0.<CreateMany>b__0(IClientSessionHandle session)
   at MongoDB.Driver.MongoCollectionImpl`1.UsingImplicitSession[TResult](Func`2 func, CancellationToken cancellationToken)
   at MongoDB.Driver.MongoCollectionImpl`1.MongoIndexManager.CreateMany(IEnumerable`1 models, CreateManyIndexesOptions options, CancellationToken cancellationToken)
   at MongoDB.Driver.MongoIndexManagerBase`1.CreateOne(CreateIndexModel`1 model, CreateOneIndexOptions options, CancellationToken cancellationToken)
   at ZahSellerAI.Infrastructure.MongoDB.MongoDbContext.CreateIndexes() in C:\Users\Mathi\OneDrive\Desktop\ZAH APP\services\api\src\Infrastructure\MongoDB\MongoDbContext.cs:line 39
   at ZahSellerAI.Infrastructure.MongoDB.MongoDbContext..ctor(IOptions`1 settings) in C:\Users\Mathi\OneDrive\Desktop\ZAH APP\services\api\src\Infrastructure\MongoDB\MongoDbContext.cs:line 20
   at InvokeStub_MongoDbContext..ctor(Object, Span`1)
   at System.Reflection.MethodBaseInvoker.InvokeWithOneArg(Object obj, BindingFlags invokeAttr, Binder binder, Object[] parameters, CultureInfo culture)
   at System.Reflection.RuntimeConstructorInfo.Invoke(BindingFlags invokeAttr, Binder binder, Object[] parameters, CultureInfo culture)
   at Microsoft.Extensions.DependencyInjection.ServiceLookup.CallSiteRuntimeResolver.VisitConstructor(ConstructorCallSite constructorCallSite, RuntimeResolverContext context)
   at Microsoft.Extensions.DependencyInjection.ServiceLookup.CallSiteRuntimeResolver.VisitRootCache(ServiceCallSite callSite, RuntimeResolverContext context)
   at Microsoft.Extensions.DependencyInjection.ServiceLookup.CallSiteRuntimeResolver.VisitConstructor(ConstructorCallSite constructorCallSite, RuntimeResolverContext context)
   at Microsoft.Extensions.DependencyInjection.ServiceLookup.CallSiteRuntimeResolver.VisitCache(ServiceCallSite callSite, RuntimeResolverContext context, ServiceProviderEngineScope serviceProviderEngine, RuntimeResolverLock lockType)
   at Microsoft.Extensions.DependencyInjection.ServiceLookup.CallSiteRuntimeResolver.VisitScopeCache(ServiceCallSite callSite, RuntimeResolverContext context)
   at Microsoft.Extensions.DependencyInjection.ServiceLookup.CallSiteRuntimeResolver.Resolve(ServiceCallSite callSite, ServiceProviderEngineScope scope)
   at Microsoft.Extensions.DependencyInjection.ServiceLookup.DynamicServiceProviderEngine.<>c__DisplayClass2_0.<RealizeService>b__0(ServiceProviderEngineScope scope)
   at Microsoft.Extensions.DependencyInjection.ServiceProvider.GetService(ServiceIdentifier serviceIdentifier, ServiceProviderEngineScope serviceProviderEngineScope)
   at Microsoft.Extensions.DependencyInjection.ServiceLookup.ServiceProviderEngineScope.GetService(Type serviceType)
   at lambda_method34(Closure, IServiceProvider, Object[])
   at Microsoft.AspNetCore.Mvc.Controllers.ControllerFactoryProvider.<>c__DisplayClass6_0.<CreateControllerFactory>g__CreateController|0(ControllerContext controllerContext)
   at Microsoft.AspNetCore.Mvc.Infrastructure.ControllerActionInvoker.Next(State& next, Scope& scope, Object& state, Boolean& isCompleted)
   at Microsoft.AspNetCore.Mvc.Infrastructure.ControllerActionInvoker.InvokeInnerFilterAsync()
--- End of stack trace from previous location ---
   at Microsoft.AspNetCore.Mvc.Infrastructure.ResourceInvoker.<InvokeFilterPipelineAsync>g__Awaited|20_0(ResourceInvoker invoker, Task lastTask, State next, Scope scope, Object state, Boolean isCompleted)
   at Microsoft.AspNetCore.Mvc.Infrastructure.ResourceInvoker.<InvokeAsync>g__Awaited|17_0(ResourceInvoker invoker, Task task, IDisposable scope)
   at Microsoft.AspNetCore.Mvc.Infrastructure.ResourceInvoker.<InvokeAsync>g__Awaited|17_0(ResourceInvoker invoker, Task task, IDisposable scope)
   at Microsoft.AspNetCore.Authorization.AuthorizationMiddleware.Invoke(HttpContext context)
   at Microsoft.AspNetCore.Authentication.AuthenticationMiddleware.Invoke(HttpContext context)
   at Serilog.AspNetCore.RequestLoggingMiddleware.Invoke(HttpContext httpContext)
2026-09-04 18:50:51.917 +05:30 [ERR] An unhandled exception has occurred while executing the request.
System.TimeoutException: A timeout occurred after 30000ms selecting a server using CompositeServerSelector{ Selectors = WritableServerSelector, LatencyLimitingServerSelector{ AllowedLatencyRange = 00:00:00.0150000 }, OperationsCountServerSelector }. Client view of cluster state is { ClusterId : "1", Type : "Unknown", State : "Disconnected", Servers : [{ ServerId: "{ ClusterId : 1, EndPoint : "Unspecified/localhost:27017" }", EndPoint: "Unspecified/localhost:27017", ReasonChanged: "Heartbeat", State: "Disconnected", ServerVersion: , TopologyVersion: , Type: "Unknown", HeartbeatException: "MongoDB.Driver.MongoConnectionException: An exception occurred while opening a connection to the server.
 ---> System.Net.Sockets.SocketException (10061): No connection could be made because the target machine actively refused it. [::1]:27017
   at System.Net.Sockets.Socket.DoConnect(EndPoint endPointSnapshot, SocketAddress socketAddress)
   at System.Net.Sockets.Socket.Connect(EndPoint remoteEP)
   at MongoDB.Driver.Core.Connections.TcpStreamFactory.Connect(Socket socket, EndPoint endPoint, CancellationToken cancellationToken)
   at MongoDB.Driver.Core.Connections.TcpStreamFactory.CreateStream(EndPoint endPoint, CancellationToken cancellationToken)
   at MongoDB.Driver.Core.Connections.BinaryConnection.OpenHelper(CancellationToken cancellationToken)
   --- End of inner exception stack trace ---
   at MongoDB.Driver.Core.Connections.BinaryConnection.OpenHelper(CancellationToken cancellationToken)
   at MongoDB.Driver.Core.Connections.BinaryConnection.Open(CancellationToken cancellationToken)
   at MongoDB.Driver.Core.Servers.ServerMonitor.InitializeConnection(CancellationToken cancellationToken)
   at MongoDB.Driver.Core.Servers.ServerMonitor.Heartbeat(CancellationToken cancellationToken)", LastHeartbeatTimestamp: "2026-09-04T13:20:50.3892044Z", LastUpdateTimestamp: "2026-09-04T13:20:50.3892067Z" }] }.
   at MongoDB.Driver.Core.Clusters.Cluster.ThrowTimeoutException(IServerSelector selector, ClusterDescription description)
   at MongoDB.Driver.Core.Clusters.Cluster.WaitForDescriptionChangedHelper.HandleCompletedTask(Task completedTask)
   at MongoDB.Driver.Core.Clusters.Cluster.WaitForDescriptionChanged(IServerSelector selector, ClusterDescription description, Task descriptionChangedTask, TimeSpan timeout, CancellationToken cancellationToken)
   at MongoDB.Driver.Core.Clusters.Cluster.SelectServer(IServerSelector selector, CancellationToken cancellationToken)
   at MongoDB.Driver.Core.Clusters.IClusterExtensions.SelectServerAndPinIfNeeded(ICluster cluster, ICoreSessionHandle session, IServerSelector selector, CancellationToken cancellationToken)
   at MongoDB.Driver.Core.Bindings.WritableServerBinding.GetWriteChannelSource(CancellationToken cancellationToken)
   at MongoDB.Driver.Core.Bindings.ReadWriteBindingHandle.GetWriteChannelSource(CancellationToken cancellationToken)
   at MongoDB.Driver.Core.Operations.CreateIndexesOperation.Execute(IWriteBinding binding, CancellationToken cancellationToken)
   at MongoDB.Driver.OperationExecutor.ExecuteWriteOperation[TResult](IWriteBinding binding, IWriteOperation`1 operation, CancellationToken cancellationToken)
   at MongoDB.Driver.MongoCollectionImpl`1.ExecuteWriteOperation[TResult](IClientSessionHandle session, IWriteOperation`1 operation, CancellationToken cancellationToken)
   at MongoDB.Driver.MongoCollectionImpl`1.MongoIndexManager.CreateMany(IClientSessionHandle session, IEnumerable`1 models, CreateManyIndexesOptions options, CancellationToken cancellationToken)
   at MongoDB.Driver.MongoCollectionImpl`1.MongoIndexManager.<>c__DisplayClass9_0.<CreateMany>b__0(IClientSessionHandle session)
   at MongoDB.Driver.MongoCollectionImpl`1.UsingImplicitSession[TResult](Func`2 func, CancellationToken cancellationToken)
   at MongoDB.Driver.MongoCollectionImpl`1.MongoIndexManager.CreateMany(IEnumerable`1 models, CreateManyIndexesOptions options, CancellationToken cancellationToken)
   at MongoDB.Driver.MongoIndexManagerBase`1.CreateOne(CreateIndexModel`1 model, CreateOneIndexOptions options, CancellationToken cancellationToken)
   at ZahSellerAI.Infrastructure.MongoDB.MongoDbContext.CreateIndexes() in C:\Users\Mathi\OneDrive\Desktop\ZAH APP\services\api\src\Infrastructure\MongoDB\MongoDbContext.cs:line 39
   at ZahSellerAI.Infrastructure.MongoDB.MongoDbContext..ctor(IOptions`1 settings) in C:\Users\Mathi\OneDrive\Desktop\ZAH APP\services\api\src\Infrastructure\MongoDB\MongoDbContext.cs:line 20
   at InvokeStub_MongoDbContext..ctor(Object, Span`1)
   at System.Reflection.MethodBaseInvoker.InvokeWithOneArg(Object obj, BindingFlags invokeAttr, Binder binder, Object[] parameters, CultureInfo culture)
   at System.Reflection.RuntimeConstructorInfo.Invoke(BindingFlags invokeAttr, Binder binder, Object[] parameters, CultureInfo culture)
   at Microsoft.Extensions.DependencyInjection.ServiceLookup.CallSiteRuntimeResolver.VisitConstructor(ConstructorCallSite constructorCallSite, RuntimeResolverContext context)
   at Microsoft.Extensions.DependencyInjection.ServiceLookup.CallSiteRuntimeResolver.VisitRootCache(ServiceCallSite callSite, RuntimeResolverContext context)
   at Microsoft.Extensions.DependencyInjection.ServiceLookup.CallSiteRuntimeResolver.VisitConstructor(ConstructorCallSite constructorCallSite, RuntimeResolverContext context)
   at Microsoft.Extensions.DependencyInjection.ServiceLookup.CallSiteRuntimeResolver.VisitCache(ServiceCallSite callSite, RuntimeResolverContext context, ServiceProviderEngineScope serviceProviderEngine, RuntimeResolverLock lockType)
   at Microsoft.Extensions.DependencyInjection.ServiceLookup.CallSiteRuntimeResolver.VisitScopeCache(ServiceCallSite callSite, RuntimeResolverContext context)
   at Microsoft.Extensions.DependencyInjection.ServiceLookup.CallSiteRuntimeResolver.Resolve(ServiceCallSite callSite, ServiceProviderEngineScope scope)
   at Microsoft.Extensions.DependencyInjection.ServiceLookup.DynamicServiceProviderEngine.<>c__DisplayClass2_0.<RealizeService>b__0(ServiceProviderEngineScope scope)
   at Microsoft.Extensions.DependencyInjection.ServiceProvider.GetService(ServiceIdentifier serviceIdentifier, ServiceProviderEngineScope serviceProviderEngineScope)
   at Microsoft.Extensions.DependencyInjection.ServiceLookup.ServiceProviderEngineScope.GetService(Type serviceType)
   at lambda_method34(Closure, IServiceProvider, Object[])
   at Microsoft.AspNetCore.Mvc.Controllers.ControllerFactoryProvider.<>c__DisplayClass6_0.<CreateControllerFactory>g__CreateController|0(ControllerContext controllerContext)
   at Microsoft.AspNetCore.Mvc.Infrastructure.ControllerActionInvoker.Next(State& next, Scope& scope, Object& state, Boolean& isCompleted)
   at Microsoft.AspNetCore.Mvc.Infrastructure.ControllerActionInvoker.InvokeInnerFilterAsync()
--- End of stack trace from previous location ---
   at Microsoft.AspNetCore.Mvc.Infrastructure.ResourceInvoker.<InvokeFilterPipelineAsync>g__Awaited|20_0(ResourceInvoker invoker, Task lastTask, State next, Scope scope, Object state, Boolean isCompleted)
   at Microsoft.AspNetCore.Mvc.Infrastructure.ResourceInvoker.<InvokeAsync>g__Awaited|17_0(ResourceInvoker invoker, Task task, IDisposable scope)
   at Microsoft.AspNetCore.Mvc.Infrastructure.ResourceInvoker.<InvokeAsync>g__Awaited|17_0(ResourceInvoker invoker, Task task, IDisposable scope)
   at Microsoft.AspNetCore.Authorization.AuthorizationMiddleware.Invoke(HttpContext context)
   at Microsoft.AspNetCore.Authentication.AuthenticationMiddleware.Invoke(HttpContext context)
   at Serilog.AspNetCore.RequestLoggingMiddleware.Invoke(HttpContext httpContext)
   at Swashbuckle.AspNetCore.SwaggerUI.SwaggerUIMiddleware.Invoke(HttpContext httpContext)
   at Swashbuckle.AspNetCore.Swagger.SwaggerMiddleware.Invoke(HttpContext httpContext, ISwaggerProvider swaggerProvider)
   at Microsoft.AspNetCore.Diagnostics.DeveloperExceptionPageMiddlewareImpl.Invoke(HttpContext context)
2026-09-04 18:51:48.579 +05:30 [INF] HTTP POST /api/v1/products/6a9ac5c9a329bf216dfb52bf/publish responded 401 in 2.0534 ms
2026-09-04 18:56:36.080 +05:30 [INF] HTTP GET /api/v1/products responded 401 in 4.1344 ms
2026-09-04 21:30:12.576 +05:30 [INF] Starting ZAH Seller AI API
2026-09-04 21:30:12.789 +05:30 [WRN] The WebRootPath was not found: C:\Users\Mathi\OneDrive\Desktop\ZAH APP\services\api\src\API\wwwroot. Static files may be unavailable.
2026-09-04 21:30:12.831 +05:30 [WRN] Overriding address(es) 'http://0.0.0.0:5000'. Binding to endpoints defined via IConfiguration and/or UseKestrel() instead.
2026-09-04 21:30:12.852 +05:30 [INF] Now listening on: http://0.0.0.0:5000
2026-09-04 21:30:12.853 +05:30 [INF] Application started. Press Ctrl+C to shut down.
2026-09-04 21:30:12.853 +05:30 [INF] Hosting environment: Development
2026-09-04 21:30:12.853 +05:30 [INF] Content root path: C:\Users\Mathi\OneDrive\Desktop\ZAH APP\services\api\src\API
2026-09-04 21:30:41.200 +05:30 [WRN] Failed to determine the https port for redirect.
2026-09-04 21:30:41.254 +05:30 [INF] HTTP HEAD /health responded 405 in 52.8826 ms
2026-09-04 21:30:41.314 +05:30 [INF] HTTP GET /health responded 200 in 39.3172 ms
2026-09-04 21:31:11.068 +05:30 [INF] HTTP OPTIONS /api/v1/products responded 204 in 4.1048 ms
2026-09-04 21:31:11.137 +05:30 [INF] HTTP GET /api/v1/products responded 401 in 56.2044 ms
2026-09-04 21:31:11.178 +05:30 [INF] HTTP OPTIONS /api/v1/auth/refresh responded 204 in 0.2180 ms
2026-09-04 21:31:42.688 +05:30 [ERR] HTTP POST /api/v1/auth/refresh responded 500 in 31491.6477 ms
Microsoft.AspNetCore.Server.Kestrel.Core.BadHttpRequestException: Unexpected end of request content.
   at Microsoft.AspNetCore.Server.Kestrel.Core.Internal.Http.Http1ContentLengthMessageBody.ReadAsyncInternal(CancellationToken cancellationToken)
   at System.Runtime.CompilerServices.PoolingAsyncValueTaskMethodBuilder`1.StateMachineBox`1.System.Threading.Tasks.Sources.IValueTaskSource<TResult>.GetResult(Int16 token)
   at System.IO.Pipelines.PipeReader.ReadAtLeastAsyncCore(Int32 minimumSize, CancellationToken cancellationToken)
   at System.Text.Json.Serialization.PipeReadBufferState.ReadAsync(PipeReader utf8Json, CancellationToken cancellationToken, Boolean fillBuffer)
   at System.Text.Json.Serialization.Metadata.JsonTypeInfo`1.DeserializeAsync[TReadBufferState,TStream](TStream utf8Json, TReadBufferState bufferState, CancellationToken cancellationToken)
   at System.Text.Json.Serialization.Metadata.JsonTypeInfo`1.DeserializeAsObjectAsync(PipeReader utf8Json, CancellationToken cancellationToken)
   at Microsoft.AspNetCore.Mvc.Formatters.SystemTextJsonInputFormatter.ReadRequestBodyAsync(InputFormatterContext context, Encoding encoding)
   at Microsoft.AspNetCore.Mvc.Formatters.SystemTextJsonInputFormatter.ReadRequestBodyAsync(InputFormatterContext context, Encoding encoding)
   at Microsoft.AspNetCore.Mvc.ModelBinding.Binders.BodyModelBinder.BindModelAsync(ModelBindingContext bindingContext)
   at Microsoft.AspNetCore.Mvc.ModelBinding.ParameterBinder.BindModelAsync(ActionContext actionContext, IModelBinder modelBinder, IValueProvider valueProvider, ParameterDescriptor parameter, ModelMetadata metadata, Object value, Object container)
   at Microsoft.AspNetCore.Mvc.Controllers.ControllerBinderDelegateProvider.<>c__DisplayClass0_0.<<CreateBinderDelegate>g__Bind|0>d.MoveNext()
--- End of stack trace from previous location ---
   at Microsoft.AspNetCore.Mvc.Infrastructure.ControllerActionInvoker.<InvokeInnerFilterAsync>g__Awaited|13_0(ControllerActionInvoker invoker, Task lastTask, State next, Scope scope, Object state, Boolean isCompleted)
   at Microsoft.AspNetCore.Mvc.Infrastructure.ResourceInvoker.<InvokeFilterPipelineAsync>g__Awaited|20_0(ResourceInvoker invoker, Task lastTask, State next, Scope scope, Object state, Boolean isCompleted)
   at Microsoft.AspNetCore.Mvc.Infrastructure.ResourceInvoker.<InvokeAsync>g__Awaited|17_0(ResourceInvoker invoker, Task task, IDisposable scope)
   at Microsoft.AspNetCore.Mvc.Infrastructure.ResourceInvoker.<InvokeAsync>g__Awaited|17_0(ResourceInvoker invoker, Task task, IDisposable scope)
   at Microsoft.AspNetCore.Authorization.AuthorizationMiddleware.Invoke(HttpContext context)
   at Microsoft.AspNetCore.Authentication.AuthenticationMiddleware.Invoke(HttpContext context)
   at Serilog.AspNetCore.RequestLoggingMiddleware.Invoke(HttpContext httpContext)
2026-09-04 21:43:34.794 +05:30 [INF] HTTP GET /api/v1/products responded 401 in 14.0735 ms
2026-09-04 21:43:34.968 +05:30 [INF] Seller logged in: mathimathiyazahgan@gmail.com
2026-09-04 21:43:35.013 +05:30 [INF] HTTP POST /api/v1/auth/login responded 200 in 30442.9687 ms
2026-09-04 21:44:05.030 +05:30 [INF] HTTP POST /api/v1/auth/refresh responded 200 in 30092.3748 ms
2026-09-04 21:44:30.316 +05:30 [INF] HTTP POST /api/v1/auth/refresh responded 200 in 30011.6436 ms
2026-09-04 21:52:18.535 +05:30 [INF] Seller logged in: mathimathiyazahgan@gmail.com
2026-09-04 21:52:18.545 +05:30 [INF] HTTP POST /api/v1/auth/login responded 200 in 30151.2296 ms
2026-09-04 21:52:18.618 +05:30 [INF] HTTP GET /api/v1/products responded 401 in 14.7693 ms
2026-09-04 21:52:48.719 +05:30 [INF] HTTP POST /api/v1/auth/refresh responded 200 in 30012.4548 ms
2026-09-04 21:59:40.889 +05:30 [INF] Seller logged in: mathimathiyazahgan@gmail.com
2026-09-04 21:59:40.895 +05:30 [INF] HTTP POST /api/v1/auth/login responded 200 in 30047.9611 ms
2026-09-04 21:59:41.319 +05:30 [ERR] Error getting products
System.FormatException: 'dev-seller-1' is not a valid 24 digit hex string.
   at MongoDB.Bson.ObjectId.Parse(String s)
   at MongoDB.Bson.Serialization.Serializers.StringSerializer.SerializeValue(BsonSerializationContext context, BsonSerializationArgs args, String value)
   at MongoDB.Bson.Serialization.Serializers.SealedClassSerializerBase`1.Serialize(BsonSerializationContext context, BsonSerializationArgs args, TValue value)
   at MongoDB.Bson.Serialization.IBsonSerializerExtensions.Serialize[TValue](IBsonSerializer`1 serializer, BsonSerializationContext context, TValue value)
   at MongoDB.Driver.SimpleFilterDefinition`2.Render(IBsonSerializer`1 documentSerializer, IBsonSerializerRegistry serializerRegistry, LinqProvider linqProvider)
   at MongoDB.Driver.MongoCollectionImpl`1.CreateFindOperation[TProjection](FilterDefinition`1 filter, FindOptions`2 options)
   at MongoDB.Driver.MongoCollectionImpl`1.FindAsync[TProjection](IClientSessionHandle session, FilterDefinition`1 filter, FindOptions`2 options, CancellationToken cancellationToken)
   at MongoDB.Driver.MongoCollectionImpl`1.<>c__DisplayClass54_0`1.<FindAsync>b__0(IClientSessionHandle session)
   at MongoDB.Driver.MongoCollectionImpl`1.UsingImplicitSessionAsync[TResult](Func`2 funcAsync, CancellationToken cancellationToken)
   at MongoDB.Driver.IAsyncCursorSourceExtensions.ToListAsync[TDocument](IAsyncCursorSource`1 source, CancellationToken cancellationToken)
   at ZahSellerAI.Infrastructure.MongoDB.Repositories.ProductRepository.GetBySellerIdAsync(String sellerId, Int32 page, Int32 pageSize, Nullable`1 status) in C:\Users\Mathi\OneDrive\Desktop\ZAH APP\services\api\src\Infrastructure\MongoDB\Repositories\ProductRepository.cs:line 102
   at ZahSellerAI.API.Controllers.ProductsController.GetProducts(Int32 page, Int32 pageSize, Nullable`1 status, String search) in C:\Users\Mathi\OneDrive\Desktop\ZAH APP\services\api\src\API\Controllers\ProductsController.cs:line 103
2026-09-04 21:59:41.350 +05:30 [ERR] HTTP GET /api/v1/products responded 500 in 207.0933 ms
